[
    {
      "model": "auth.user",
      "fields": {
        "password": "pbkdf2_sha256$216000$txbrYks8x1ww$5FmTX19HZDiQVxuStuxEta34G8EBV61bWZf61rfz9xU=",
        "last_login": "2020-12-19T11:17:46.136Z",
        "is_superuser": true,
        "username": "seyi",
        "first_name": "",
        "last_name": "",
        "email": "",
        "is_staff": true,
        "is_active": true,
        "date_joined": "2020-09-30T18:38:40.352Z",
        "groups": [],
        "user_permissions": []
      }
    },
    {
      "model": "sessions.session",
      "pk": "0i8lqlxs86q4aaqu2i0k93c7eeexxj28",
      "fields": {
        "session_data": "eyJvcmRlcl9pZCI6MzV9:1keWrv:0eZmjetSFa2-vW_WyQ5ZF-6XNaT9UO8LD2pW4_3HmrI",
        "expire_date": "2020-11-30T05:15:59.920Z"
      }
    },
    {
      "model": "sessions.session",
      "pk": "186pskh2mboj5dvxrw2soq2bfjriqq0t",
      "fields": {
        "session_data": ".eJxVjDsOwjAQBe_iGlnxL_ZS0nMGa9frJQEUS_lUiLtDpDRpZ-a9j2oz1zmPrK7OXFTGbR3ythxIGXVihOVVp13wE6dH06VN6zyS3hN92EXfG9f37WhPBwMuw38tVIFLpSShhN4GFPAmUIxCZIyw76plBxBIxPaYjAsQO4gYxQskVt8fHVM83Q:1keGjs:YgXS-LZGkJKcNTL9uImb_yiYukqsZq7VcDLkXi5KTHc",
        "expire_date": "2020-11-29T12:02:36.329Z"
      }
    },
    {
      "model": "sessions.session",
      "pk": "36ja502ro81m3dg8mfb5yhe0v7f32j9t",
      "fields": {
        "session_data": "eyJvcmRlcl9pZCI6OTB9:1koELq:_3_0jYISSWkuj9kGKVyd0hBG0_KlvndD_XYhhLdqReI",
        "expire_date": "2020-12-26T23:30:58.516Z"
      }
    },
    {
      "model": "sessions.session",
      "pk": "4yxhey7v1wzlhhu93lzn7tplbvonhbri",
      "fields": {
        "session_data": "eyJvcmRlcl9pZCI6Nzh9:1klIM2:fPRvC9pR5epWcPsZ8DHxhkRyFsvXBhKHN9NEb0ObapE",
        "expire_date": "2020-12-18T21:11:02.708Z"
      }
    },
    {
      "model": "sessions.session",
      "pk": "5gtr19w39unqnl2w4earbrapggy034jc",
      "fields": {
        "session_data": "eyJvcmRlcl9pZCI6ODF9:1klT67:9b393cLUg5VYChQED-QFQ_J5zfwweNKkCtf1BL6_biE",
        "expire_date": "2020-12-19T08:39:19.130Z"
      }
    },
    {
      "model": "sessions.session",
      "pk": "7qhu6yzbpsgl29ulpio8hehgeb9755w0",
      "fields": {
        "session_data": "eyJvcmRlcl9pZCI6NzN9:1khxFu:mUKRExcJyySqJKmRVIv6cfX87ZEwARW57Ju1SqVJV0E",
        "expire_date": "2020-12-09T16:02:54.053Z"
      }
    },
    {
      "model": "sessions.session",
      "pk": "8ear6qob8tr9prslawhzh6p1tr06lcnl",
      "fields": {
        "session_data": "eyJvcmRlcl9pZCI6OTF9:1koihw:Ww7h71oyR0oJSe-9APWyfJYbyuRT41bqzETGu6BdaGs",
        "expire_date": "2020-12-28T07:55:48.203Z"
      }
    },
    {
      "model": "sessions.session",
      "pk": "8owb7zkxgb9nz50n1cu43162f1r7jx3a",
      "fields": {
        "session_data": "eyJvcmRlcl9pZCI6OTZ9:1kqrqr:0Z1IHWQ65IkYCnfYxwl8EfWJvF9_tUzdoajRER4H8Wo",
        "expire_date": "2021-01-03T06:05:53.900Z"
      }
    },
    {
      "model": "sessions.session",
      "pk": "bbnnbjybsnk0x68e6lhcfiv3civaii1l",
      "fields": {
        "session_data": "eyJvcmRlcl9pZCI6NjF9:1kfqN0:kxmH_sdRCAlVVY7HRvUNlcF_EQ7P_J4CnbTZZeu6YSk",
        "expire_date": "2020-12-03T20:17:30.270Z"
      }
    },
    {
      "model": "sessions.session",
      "pk": "bftvti5nes5ujskh9gnncwlul8c3u7bq",
      "fields": {
        "session_data": "eyJvcmRlcl9pZCI6NDB9:1kefK7:5-nB_bKAiaGPR5SnBlvyjOah-_4--TPHQokDN9858H8",
        "expire_date": "2020-11-30T14:17:39.286Z"
      }
    },
    {
      "model": "sessions.session",
      "pk": "c08sddfadrlmxopsewn9ijmttenl4lyy",
      "fields": {
        "session_data": "eyJvcmRlcl9pZCI6NjN9:1kfqTI:H5y82XlAPgyP7TAg82DKoQYvDzQ4yzpwjCPrjg3LMAc",
        "expire_date": "2020-12-03T20:24:00.001Z"
      }
    },
    {
      "model": "sessions.session",
      "pk": "c1ygsci4jcinhainbn2imwlcrqnxpqjc",
      "fields": {
        "session_data": ".eJxVjMsOwiAQRf-FtSGFlsK4dO83kBmGkaqBpI-V8d-1SRe6veec-1IRt7XEbclznFidlVGn340wPXLdAd-x3ppOra7zRHpX9EEXfW2cn5fD_TsouJRvLZSBU6YgLrnROhQYjCPvhcgY4aHLlnsARyJ2xGB6B74Dj14GgcDq_QERQziH:1klRme:nPnrlQLxmvd_nyPwCauf7thUQRYGSaAHEoFecmXdA0w",
        "expire_date": "2020-12-19T07:15:08.852Z"
      }
    },
    {
      "model": "sessions.session",
      "pk": "czebdbft5s55bcu2848v2imay7yhpxt6",
      "fields": {
        "session_data": "eyJvcmRlcl9pZCI6ODR9:1klrX0:Taq3BA3NN6sIKg8bxMkSAt1mwmsCNJOM4zOU_vFtAY0",
        "expire_date": "2020-12-20T10:44:42.498Z"
      }
    },
    {
      "model": "sessions.session",
      "pk": "dnh6yq2bop4pzkctr6p50xnt90qwc73r",
      "fields": {
        "session_data": "eyJvcmRlcl9pZCI6ODl9:1knbuP:CF62IoOdgaaEThNGnVcEmp881M3LCk_X8muL1pRPQTU",
        "expire_date": "2020-12-25T06:28:05.224Z"
      }
    },
    {
      "model": "sessions.session",
      "pk": "dr00y2l4u7fku4diwolc11xfijia2xz9",
      "fields": {
        "session_data": "eyJvcmRlcl9pZCI6Mzh9:1kedtN:dcLH6-OrGORpdXC69dd2DLAsD4h7WT-ugwfWWt-aueM",
        "expire_date": "2020-11-30T12:45:57.147Z"
      }
    },
    {
      "model": "sessions.session",
      "pk": "fwwl61xr8ykse9vo0ldvnouyvcvluy05",
      "fields": {
        "session_data": "eyJvcmRlcl9pZCI6ODV9:1kmdkS:j7_D5lEKINiq_h01rqBqgGhjeCIXiMkb_d6c2P6Wqog",
        "expire_date": "2020-12-22T14:13:48.767Z"
      }
    },
    {
      "model": "sessions.session",
      "pk": "gnrb1egtdvq2gghx6ayzn5pr5p2xps4x",
      "fields": {
        "session_data": "eyJvcmRlcl9pZCI6Njl9:1khDYr:jfhFLZwY7kxm80KKqb5PcfQc66DapMAbZKdLv4Z08G4",
        "expire_date": "2020-12-07T15:15:25.669Z"
      }
    },
    {
      "model": "sessions.session",
      "pk": "hmutv80plzcfpu4bkyx3pot0cogfwpk6",
      "fields": {
        "session_data": ".eJxVjMsOwiAQRf-FtSGFlsK4dO83kBmGkaqBpI-V8d-1SRe6veec-1IRt7XEbclznFidlVGn340wPXLdAd-x3ppOra7zRHpX9EEXfW2cn5fD_TsouJRvLZSBU6YgLrnROhQYjCPvhcgY4aHLlnsARyJ2xGB6B74Dj14GgcDq_QERQziH:1kNh1W:6K1OPzCm0Ght20KPAaBwqSwx3s7T82hYGIMOjsPAkzQ",
        "expire_date": "2020-10-14T18:40:18.159Z"
      }
    },
    {
      "model": "sessions.session",
      "pk": "hsrjxto8f48rlqyef0b8z8msae8jd9cq",
      "fields": {
        "session_data": ".eJxVjMsOwiAQRf-FtSGFlsK4dO83kBmGkaqBpI-V8d-1SRe6veec-1IRt7XEbclznFidlVGn340wPXLdAd-x3ppOra7zRHpX9EEXfW2cn5fD_TsouJRvLZSBU6YgLrnROhQYjCPvhcgY4aHLlnsARyJ2xGB6B74Dj14GgcDq_QERQziH:1kqaF8:HV1ekjPlbOe4z67PGP6VfPkFNivX-E23shu4mcSA-0c",
        "expire_date": "2021-01-02T11:17:46.193Z"
      }
    },
    {
      "model": "sessions.session",
      "pk": "ir2rwmn6j93weqss879a7a1jgw3ewt6g",
      "fields": {
        "session_data": ".eJxVjksOwjAMRO-SNYqaNm5iluw5Q2XHMS2gRupnhbg7ROoCtvNmnuZlBtq3cdjXvAyTmLNx5vSbMaVHniuQO823YlOZt2ViWyv2oKu9FsnPy9H9E4y0jt-1ckZJmaNCgr4FUvQOOARldk7FN7mVDhFYte0pug4wNBgoqFeMVVoWOU56eH8ASG484g:1kfJ86:-MEjaCpyMTLhv6ASafyNu2rZBQ1pfx1Bbrx9AM6PWD0",
        "expire_date": "2020-12-02T08:47:54.815Z"
      }
    },
    {
      "model": "sessions.session",
      "pk": "n9w78erhbzrchx54ckqnujpipf1rfmaw",
      "fields": {
        "session_data": "eyJvcmRlcl9pZCI6Mzd9:1keZU6:K_dxQmxxDzqPScJr64ieXJy-RH2l_DfIZEEHjGlY-co",
        "expire_date": "2020-11-30T08:03:34.110Z"
      }
    },
    {
      "model": "sessions.session",
      "pk": "o2ozykyfjg93yqh18oln1gjghppjf9sg",
      "fields": {
        "session_data": ".eJxVjDkOwyAUBe9CHSE2s6RM7zOgzweCkwgkbFdR7h5bonE7b-Z9Sesxdb9EchfuRjzsW_H7OhDh5MIC4DvVc4gvqM9GsdWtL4GeCh3rSucW0-cx3MtBgbUcNTJtLEdgSoNzQmXMUoBlIWvHJhEicgMOZLCQnEEtreAKIGCcbDoC8vsD8Ug8YA:1ke2JJ:8aRibRX9ZTgIQw6afOmk2bdOZEhOrFOkehIH2hMeffk",
        "expire_date": "2020-11-28T20:38:13.406Z"
      }
    },
    {
      "model": "sessions.session",
      "pk": "q90izm7i3o2u021c07cxdmxj7a1dbyhk",
      "fields": {
        "session_data": "eyJvcmRlcl9pZCI6ODh9:1kmtPt:MQ4p7iYtAL3oRgXGyAWehBjUA0O4nI3Gx6tBavpnESA",
        "expire_date": "2020-12-23T06:57:37.854Z"
      }
    },
    {
      "model": "sessions.session",
      "pk": "qcc7eda8hoya8qeythjzscr30fled2yz",
      "fields": {
        "session_data": "eyJvcmRlcl9pZCI6MjR9:1kd7Rs:FE-eNfoSMBINVNGy52NnG9XdWnWYKadZJ1imV-KRApc",
        "expire_date": "2020-11-26T07:55:16.164Z"
      }
    },
    {
      "model": "sessions.session",
      "pk": "qe1in0a64m2w8vtmqucadicvez04qttp",
      "fields": {
        "session_data": ".eJxVjMsOwiAQRf-FtSGFlsK4dO83kBmGkaqBpI-V8d-1SRe6veec-1IRt7XEbclznFidlVGn340wPXLdAd-x3ppOra7zRHpX9EEXfW2cn5fD_TsouJRvLZSBU6YgLrnROhQYjCPvhcgY4aHLlnsARyJ2xGB6B74Dj14GgcDq_QERQziH:1kiPek:YX5KZ0-2VgYT9fznYbe4HX46g5HSvezi1_E63WTpJdk",
        "expire_date": "2020-12-10T22:22:26.074Z"
      }
    },
    {
      "model": "sessions.session",
      "pk": "qfoufidq0fnc3gvtbmfmp7lgrjwveawo",
      "fields": {
        "session_data": "eyJvcmRlcl9pZCI6ODN9:1klacT:POT_ILihKASqdrP7d9VyyCj1Ep6APVUmKkaa7dLyO5A",
        "expire_date": "2020-12-19T16:41:13.162Z"
      }
    },
    {
      "model": "sessions.session",
      "pk": "r0a499s08i5mzlyyguflf7jl5s8ffikq",
      "fields": {
        "session_data": ".eJxVjDsOwjAQBe_iGll24t9S0nOGaNfrJQEUS_lUiLtDJDdpZ-a9j6oLl2WYWF2DuagB920c9rUhZdWJEeZXmQ_BT5wfVec6b8tE-kh0s6u-Vy7vW2tPByOu438tVIBzoSQ--9B5FHDWU4xCZK2wM6XjHsCTSBcw2d5DNBAxihNIrL4_Hq483w:1kfqJR:P9Y9BXlJyrjTLEDthxtp8dY9djPoSrVIldaAUeT5ESA",
        "expire_date": "2020-12-03T20:13:49.355Z"
      }
    },
    {
      "model": "sessions.session",
      "pk": "rzzyqb3669fvszuwfkcc8qtrm0bbo1z3",
      "fields": {
        "session_data": ".eJxVjMsOwiAQRf-FtSGFlsK4dO83kBmGkaqBpI-V8d-1SRe6veec-1IRt7XEbclznFidlVGn340wPXLdAd-x3ppOra7zRHpX9EEXfW2cn5fD_TsouJRvLZSBU6YgLrnROhQYjCPvhcgY4aHLlnsARyJ2xGB6B74Dj14GgcDq_QERQziH:1kVLrx:65KUubtTS23sxLagsDcb62CB77aUQTrOgVz_sWJv9kc",
        "expire_date": "2020-11-04T21:42:05.731Z"
      }
    },
    {
      "model": "sessions.session",
      "pk": "ss0wzjk34g6skq8gmdea7o17ursc2ry1",
      "fields": {
        "session_data": "eyJvcmRlcl9pZCI6ODB9:1klIse:9G6HjfwFPtpKF3INfvh7QIzEly-C1g_sCMHtH3uNklw",
        "expire_date": "2020-12-18T21:44:44.230Z"
      }
    },
    {
      "model": "sessions.session",
      "pk": "wfs7vpdq0leqvhaihxoskqe7uwp4qja6",
      "fields": {
        "session_data": "eyJvcmRlcl9pZCI6NjJ9:1kfqNr:T4TnxlSHk8M1lU-0qcW5R8S5keWHppw2uwxpZcuc2vs",
        "expire_date": "2020-12-03T20:18:23.913Z"
      }
    },
    {
      "model": "sessions.session",
      "pk": "xig0843ish8mtke6bzbgi6ngkzfd96pk",
      "fields": {
        "session_data": ".eJxVjsEOwiAQRP-FsyGlLYX16N1vaHZZVqqmJLQ9Gf9dSTjodd7My7zUjMee5mOLZV5YnZVRp9-MMDziWgHfcb1lHfK6l4V0rehGN33NHJ-X1v0TJNzSdy0UgUMkLzbYqbcoMBpLzgmRMcJjF3seACyJ9BN6M1hwHTh0Mgr4Ks2F20nw7w9Igzzq:1krjqi:f4VV6p2bgUEHjDR2v3rhSR7n8i4iX0ZrJFgJKYDkp8o",
        "expire_date": "2021-01-05T15:45:20.638Z"
      }
    },
    {
      "model": "sessions.session",
      "pk": "xovu7ngjjjo7dhqjpluf7ukb0wq6kei9",
      "fields": {
        "session_data": "eyJvcmRlcl9pZCI6ODZ9:1kmt4M:_OkYDWzObBXrTtkvOJbZI5txZqbhn2S_joOWL-XmaYs",
        "expire_date": "2020-12-23T06:35:22.577Z"
      }
    },
    {
      "model": "crowdfund.reward",
      "pk": 1,
      "fields": {
        "name": "Top Fans",
        "slug": "top-fans",
        "amount": "25.00"
      }
    },
    {
      "model": "crowdfund.reward",
      "pk": 2,
      "fields": {
        "name": "Influencers",
        "slug": "influencers",
        "amount": "250.00"
      }
    },
    {
      "model": "crowdfund.reward",
      "pk": 3,
      "fields": {
        "name": "Pilots",
        "slug": "pilots",
        "amount": "50.00"
      }
    },
    {
      "model": "crowdfund.reward",
      "pk": 4,
      "fields": {
        "name": "Gems",
        "slug": "gems",
        "amount": "100.00"
      }
    },
    {
      "model": "crowdfund.reward",
      "pk": 5,
      "fields": {
        "name": "Propellers",
        "slug": "propellers",
        "amount": "150.00"
      }
    },
    {
      "model": "crowdfund.reward",
      "pk": 6,
      "fields": {
        "name": "Superheroes",
        "slug": "superheroes",
        "amount": "500.00"
      }
    },
    {
      "model": "crowdfund.reward",
      "pk": 7,
      "fields": {
        "name": "Angels",
        "slug": "angels",
        "amount": "1000.00"
      }
    },
    {
      "model": "crowdfund.reward",
      "pk": 8,
      "fields": {
        "name": "Legends",
        "slug": "legends",
        "amount": "3000.00"
      }
    },
    {
      "model": "crowdfund.reward",
      "pk": 9,
      "fields": {
        "name": "Hall of Famers (Exclusive)",
        "slug": "hall-of-famers",
        "amount": "5000.00"
      }
    },
    {
      "model": "crowdfund.reward",
      "pk": 10,
      "fields": {
        "name": "The Boosters",
        "slug": "boosters",
        "amount": "10.00"
      }
    },
    {
      "model": "crowdfund.perk",
      "pk": 1,
      "fields": {
        "description": "A digital copy of the Book",
        "reward": 2,
        "created": "2020-10-08T21:57:37.248Z"
      }
    },
    {
      "model": "crowdfund.perk",
      "pk": 2,
      "fields": {
        "description": "Audiobook",
        "reward": 2,
        "created": "2020-10-11T13:35:00.733Z"
      }
    },
    {
      "model": "crowdfund.perk",
      "pk": 3,
      "fields": {
        "description": "Thank you Email with a digital copy of the Book",
        "reward": 1,
        "created": "2020-10-08T22:03:43.895Z"
      }
    },
    {
      "model": "crowdfund.perk",
      "pk": 4,
      "fields": {
        "description": "A digital copy of the Book",
        "reward": 3,
        "created": "2020-10-08T22:04:48.912Z"
      }
    },
    {
      "model": "crowdfund.perk",
      "pk": 5,
      "fields": {
        "description": "Trade paperback author-signed copy of the book",
        "reward": 3,
        "created": "2020-10-08T22:04:48.913Z"
      }
    },
    {
      "model": "crowdfund.perk",
      "pk": 6,
      "fields": {
        "description": "A digital copy of the Book",
        "reward": 4,
        "created": "2020-10-08T22:06:01.416Z"
      }
    },
    {
      "model": "crowdfund.perk",
      "pk": 7,
      "fields": {
        "description": "2 Trade paperback author-signed copy of the Book",
        "reward": 4,
        "created": "2020-10-08T22:06:01.417Z"
      }
    },
    {
      "model": "crowdfund.perk",
      "pk": 8,
      "fields": {
        "description": "1 copy of The \"OBAMA\" in You! Book. (Nigerian backers only)",
        "reward": 4,
        "created": "2020-10-08T22:06:01.418Z"
      }
    },
    {
      "model": "crowdfund.perk",
      "pk": 9,
      "fields": {
        "description": "Audiobook",
        "reward": 5,
        "created": "2020-10-11T13:31:55.212Z"
      }
    },
    {
      "model": "crowdfund.perk",
      "pk": 10,
      "fields": {
        "description": "A digital copy of the Book",
        "reward": 5,
        "created": "2020-10-11T13:31:55.213Z"
      }
    },
    {
      "model": "crowdfund.perk",
      "pk": 11,
      "fields": {
        "description": "1 Trade paperback author-signed copy of the book",
        "reward": 5,
        "created": "2020-10-11T13:31:55.214Z"
      }
    },
    {
      "model": "crowdfund.perk",
      "pk": 12,
      "fields": {
        "description": "1 copy of The “OBAMA” in You! (Nigerian backers only).",
        "reward": 5,
        "created": "2020-10-11T13:31:55.214Z"
      }
    },
    {
      "model": "crowdfund.perk",
      "pk": 13,
      "fields": {
        "description": "Acknowledgement in the book",
        "reward": 6,
        "created": "2020-10-11T13:33:56.625Z"
      }
    },
    {
      "model": "crowdfund.perk",
      "pk": 14,
      "fields": {
        "description": "Digital copy",
        "reward": 6,
        "created": "2020-10-11T13:33:56.627Z"
      }
    },
    {
      "model": "crowdfund.perk",
      "pk": 15,
      "fields": {
        "description": "Audiobook",
        "reward": 6,
        "created": "2020-10-11T13:33:56.627Z"
      }
    },
    {
      "model": "crowdfund.perk",
      "pk": 16,
      "fields": {
        "description": "4 copies of the book",
        "reward": 6,
        "created": "2020-10-11T13:33:56.629Z"
      }
    },
    {
      "model": "crowdfund.perk",
      "pk": 17,
      "fields": {
        "description": "Two T-shirts",
        "reward": 6,
        "created": "2020-10-11T13:33:56.630Z"
      }
    },
    {
      "model": "crowdfund.perk",
      "pk": 18,
      "fields": {
        "description": "2 copies of The “OBAMA” in You!",
        "reward": 6,
        "created": "2020-10-11T13:33:56.631Z"
      }
    },
    {
      "model": "crowdfund.perk",
      "pk": 19,
      "fields": {
        "description": "30 secs voiceover and promotional video",
        "reward": 6,
        "created": "2020-10-11T13:33:56.632Z"
      }
    },
    {
      "model": "crowdfund.perk",
      "pk": 20,
      "fields": {
        "description": "Help set up your personal website (excluding domain name and hosting) or company website",
        "reward": 6,
        "created": "2020-10-11T13:33:56.633Z"
      }
    },
    {
      "model": "crowdfund.perk",
      "pk": 21,
      "fields": {
        "description": "Book consultancy—(everything you need to know about writing and publishing your book)",
        "reward": 6,
        "created": "2020-10-11T13:33:56.634Z"
      }
    },
    {
      "model": "crowdfund.perk",
      "pk": 22,
      "fields": {
        "description": "2 copies of the book",
        "reward": 2,
        "created": "2020-10-11T13:35:00.745Z"
      }
    },
    {
      "model": "crowdfund.perk",
      "pk": 23,
      "fields": {
        "description": "One Tshirt or hoodie and one face mask",
        "reward": 2,
        "created": "2020-10-11T13:35:00.746Z"
      }
    },
    {
      "model": "crowdfund.perk",
      "pk": 24,
      "fields": {
        "description": "1 copy of The “OBAMA” in You!",
        "reward": 2,
        "created": "2020-10-11T13:35:00.747Z"
      }
    },
    {
      "model": "crowdfund.perk",
      "pk": 25,
      "fields": {
        "description": "30 secs voiceover and promotional video or help set up your personal website (excluding domain name and hosting).",
        "reward": 2,
        "created": "2020-10-11T13:35:00.747Z"
      }
    },
    {
      "model": "crowdfund.perk",
      "pk": 26,
      "fields": {
        "description": "Acknowledgement in the book",
        "reward": 7,
        "created": "2020-10-11T13:40:15.493Z"
      }
    },
    {
      "model": "crowdfund.perk",
      "pk": 27,
      "fields": {
        "description": "Digital copy",
        "reward": 7,
        "created": "2020-10-11T13:40:15.495Z"
      }
    },
    {
      "model": "crowdfund.perk",
      "pk": 28,
      "fields": {
        "description": "Audiobook",
        "reward": 7,
        "created": "2020-10-11T13:40:15.496Z"
      }
    },
    {
      "model": "crowdfund.perk",
      "pk": 29,
      "fields": {
        "description": "10 copies of the book",
        "reward": 7,
        "created": "2020-10-11T13:40:15.497Z"
      }
    },
    {
      "model": "crowdfund.perk",
      "pk": 30,
      "fields": {
        "description": "Two T-shirts and two face masks",
        "reward": 7,
        "created": "2020-10-11T13:40:15.498Z"
      }
    },
    {
      "model": "crowdfund.perk",
      "pk": 31,
      "fields": {
        "description": "2 copies of The “OBAMA” in You!",
        "reward": 7,
        "created": "2020-10-11T13:40:15.498Z"
      }
    },
    {
      "model": "crowdfund.perk",
      "pk": 32,
      "fields": {
        "description": "2 minutes voiceover and promotional video",
        "reward": 7,
        "created": "2020-10-11T13:40:15.503Z"
      }
    },
    {
      "model": "crowdfund.perk",
      "pk": 33,
      "fields": {
        "description": "Help set up your personal website (excluding domain name and hosting fees) or company website",
        "reward": 7,
        "created": "2020-10-11T13:40:15.504Z"
      }
    },
    {
      "model": "crowdfund.perk",
      "pk": 34,
      "fields": {
        "description": "Book consultancy—(everything you need to know about writing your book + Free proof checking)",
        "reward": 7,
        "created": "2020-10-11T13:40:15.505Z"
      }
    },
    {
      "model": "crowdfund.perk",
      "pk": 35,
      "fields": {
        "description": "Basic Ecommerce website",
        "reward": 7,
        "created": "2020-10-11T13:40:15.506Z"
      }
    },
    {
      "model": "crowdfund.perk",
      "pk": 36,
      "fields": {
        "description": "Acknowledgement in the book",
        "reward": 8,
        "created": "2020-10-11T13:42:06.360Z"
      }
    },
    {
      "model": "crowdfund.perk",
      "pk": 37,
      "fields": {
        "description": "Digital copy + Audio book",
        "reward": 8,
        "created": "2020-10-11T13:42:06.362Z"
      }
    },
    {
      "model": "crowdfund.perk",
      "pk": 38,
      "fields": {
        "description": "20 copies of the book",
        "reward": 8,
        "created": "2020-10-11T13:42:06.363Z"
      }
    },
    {
      "model": "crowdfund.perk",
      "pk": 39,
      "fields": {
        "description": "Five T-shirts",
        "reward": 8,
        "created": "2020-10-11T13:42:06.365Z"
      }
    },
    {
      "model": "crowdfund.perk",
      "pk": 40,
      "fields": {
        "description": "10 copies of The “OBAMA” in You!",
        "reward": 8,
        "created": "2020-10-11T13:42:06.365Z"
      }
    },
    {
      "model": "crowdfund.perk",
      "pk": 41,
      "fields": {
        "description": "30 minutes of voiceover and promotional videos.",
        "reward": 8,
        "created": "2020-10-11T13:42:06.366Z"
      }
    },
    {
      "model": "crowdfund.perk",
      "pk": 42,
      "fields": {
        "description": "Help set up your personal website (including domain name and hosting fees for a year) or company website",
        "reward": 8,
        "created": "2020-10-11T13:42:06.367Z"
      }
    },
    {
      "model": "crowdfund.perk",
      "pk": 43,
      "fields": {
        "description": "Full Book Services—(everything you need to know about writing your book + Free editing and proof checking)",
        "reward": 8,
        "created": "2020-10-11T13:42:06.368Z"
      }
    },
    {
      "model": "crowdfund.perk",
      "pk": 44,
      "fields": {
        "description": "Ecommerce website",
        "reward": 8,
        "created": "2020-10-11T13:42:06.371Z"
      }
    },
    {
      "model": "crowdfund.perk",
      "pk": 45,
      "fields": {
        "description": "Acknowledgement in the book",
        "reward": 9,
        "created": "2020-10-11T13:43:38.240Z"
      }
    },
    {
      "model": "crowdfund.perk",
      "pk": 46,
      "fields": {
        "description": "Digital copy + Audio book",
        "reward": 9,
        "created": "2020-10-11T13:43:38.246Z"
      }
    },
    {
      "model": "crowdfund.perk",
      "pk": 47,
      "fields": {
        "description": "40 copies of the book",
        "reward": 9,
        "created": "2020-10-11T13:43:38.247Z"
      }
    },
    {
      "model": "crowdfund.perk",
      "pk": 48,
      "fields": {
        "description": "10 T-shirts or hoodie or Mugs",
        "reward": 9,
        "created": "2020-10-11T13:43:38.247Z"
      }
    },
    {
      "model": "crowdfund.perk",
      "pk": 49,
      "fields": {
        "description": "20 copies of The “OBAMA” in You!",
        "reward": 9,
        "created": "2020-10-11T13:43:38.248Z"
      }
    },
    {
      "model": "crowdfund.perk",
      "pk": 50,
      "fields": {
        "description": "1-hour voiceover and promotional video",
        "reward": 9,
        "created": "2020-10-11T13:43:38.249Z"
      }
    },
    {
      "model": "crowdfund.perk",
      "pk": 51,
      "fields": {
        "description": "Help set up your personal website (or company website ( including domain name and hosting fees for one year)",
        "reward": 9,
        "created": "2020-10-11T13:43:38.250Z"
      }
    },
    {
      "model": "crowdfund.perk",
      "pk": 52,
      "fields": {
        "description": "Full Book Services—(everything you need to know about writing your book + Free editing and proof checking)",
        "reward": 9,
        "created": "2020-10-11T13:43:38.250Z"
      }
    },
    {
      "model": "crowdfund.perk",
      "pk": 53,
      "fields": {
        "description": "A virtual Hug and A Thank you letter",
        "reward": 10,
        "created": "2020-11-17T11:33:44.307Z"
      }
    },
    {
      "model": "crowdfund.order",
      "pk": 31,
      "fields": {
        "name": "Mrs Sowemimo",
        "address": "Orelope",
        "country": "Germany",
        "phone_number": null,
        "reward": 4,
        "note": "",
        "email": "prontomaster@gmail.com",
        "created": "2020-11-15T12:02:36.254Z",
        "paid": true,
        "braintree_id": "",
        "paystack_id": ""
      }
    },
    {
      "model": "crowdfund.order",
      "pk": 36,
      "fields": {
        "name": "Sister Andress",
        "address": "Omogba Phase II",
        "country": "Nigeria",
        "phone_number": null,
        "reward": 3,
        "note": "",
        "email": "prontomaster@gmail.com",
        "created": "2020-11-16T07:15:45.224Z",
        "paid": true,
        "braintree_id": "",
        "paystack_id": ""
      }
    },
    {
      "model": "crowdfund.order",
      "pk": 38,
      "fields": {
        "name": "Dunni",
        "address": "45 Adamson close, ibeju lekki",
        "country": "Nigeria",
        "phone_number": null,
        "reward": 1,
        "note": "",
        "email": "dunniade@yahoo.com",
        "created": "2020-11-16T12:45:57.052Z",
        "paid": false,
        "braintree_id": "",
        "paystack_id": ""
      }
    },
    {
      "model": "crowdfund.order",
      "pk": 44,
      "fields": {
        "name": "Jubilee Christian Center",
        "address": "15 Williams Close, Bakery Bus-stop Surulere Lagos",
        "country": "Nigeria",
        "phone_number": null,
        "reward": 2,
        "note": "",
        "email": "olujideolutoyin@gmail.com",
        "created": "2020-11-18T08:47:34.858Z",
        "paid": true,
        "braintree_id": "",
        "paystack_id": ""
      }
    },
    {
      "model": "crowdfund.order",
      "pk": 56,
      "fields": {
        "name": "Segun's friend 1",
        "address": "Omogba Phase II",
        "country": "Nigeria",
        "phone_number": null,
        "reward": 4,
        "note": "",
        "email": "prontomaster@gmail.com",
        "created": "2020-11-19T07:33:24.652Z",
        "paid": true,
        "braintree_id": "",
        "paystack_id": ""
      }
    },
    {
      "model": "crowdfund.order",
      "pk": 61,
      "fields": {
        "name": "Mesuo Efeurhievwe",
        "address": "2502 Riverside Pkwy",
        "country": "United States",
        "phone_number": null,
        "reward": 1,
        "note": "",
        "email": "mesuoee@gmail.com",
        "created": "2020-11-19T20:17:30.172Z",
        "paid": true,
        "braintree_id": "",
        "paystack_id": ""
      }
    },
    {
      "model": "crowdfund.order",
      "pk": 62,
      "fields": {
        "name": "SEGUN ADEYEMI",
        "address": "Safe Court Apartments - 19, Ojulari Street, Ikate - Lekki, Lagos",
        "country": "Nigeria",
        "phone_number": null,
        "reward": 6,
        "note": "",
        "email": "segs.adeyemi@gmail.com",
        "created": "2020-11-19T20:18:23.839Z",
        "paid": true,
        "braintree_id": "",
        "paystack_id": ""
      }
    },
    {
      "model": "crowdfund.order",
      "pk": 66,
      "fields": {
        "name": "Israel Ayodele Mayokun",
        "address": "Lagos",
        "country": "Nigeria",
        "phone_number": null,
        "reward": 1,
        "note": "",
        "email": "prontomaster@gmail.com",
        "created": "2020-11-21T09:19:02.327Z",
        "paid": true,
        "braintree_id": "",
        "paystack_id": ""
      }
    },
    {
      "model": "crowdfund.order",
      "pk": 69,
      "fields": {
        "name": "NDIDIAMAKA DURU",
        "address": "14 Ashira Akofa Street Off Brown Road",
        "country": "Nigeria",
        "phone_number": null,
        "reward": 3,
        "note": "",
        "email": "ndidiamaka55@gmail.com",
        "created": "2020-11-23T15:15:25.610Z",
        "paid": true,
        "braintree_id": "",
        "paystack_id": ""
      }
    },
    {
      "model": "crowdfund.order",
      "pk": 70,
      "fields": {
        "name": "Segun 2",
        "address": "Omogba Phase II",
        "country": "Nigeria",
        "phone_number": null,
        "reward": 4,
        "note": "",
        "email": "mercy@gmail.com",
        "created": "2020-11-24T18:51:33.419Z",
        "paid": true,
        "braintree_id": "",
        "paystack_id": ""
      }
    },
    {
      "model": "crowdfund.order",
      "pk": 72,
      "fields": {
        "name": "Soye Olatunji",
        "address": "GR2 - 3, Mutual Alpha Courts, Afric Road, Off Funso Williams Avenue, Iponri",
        "country": "Nigeria",
        "phone_number": null,
        "reward": 4,
        "note": "",
        "email": "soye.olatunji@gmail.com",
        "created": "2020-11-25T15:54:25.071Z",
        "paid": true,
        "braintree_id": "",
        "paystack_id": ""
      }
    },
    {
      "model": "crowdfund.order",
      "pk": 75,
      "fields": {
        "name": "Segun 3",
        "address": "Omogba Phase II",
        "country": "Nigeria",
        "phone_number": null,
        "reward": 4,
        "note": "",
        "email": "mercy@gmail.com",
        "created": "2020-11-27T09:08:54.410Z",
        "paid": true,
        "braintree_id": "",
        "paystack_id": ""
      }
    },
    {
      "model": "crowdfund.order",
      "pk": 76,
      "fields": {
        "name": "British guy",
        "address": "Britain",
        "country": "Britain",
        "phone_number": null,
        "reward": 10,
        "note": "",
        "email": "prontomaster@gmail.com",
        "created": "2020-12-01T09:03:51.745Z",
        "paid": true,
        "braintree_id": "",
        "paystack_id": ""
      }
    },
    {
      "model": "crowdfund.order",
      "pk": 77,
      "fields": {
        "name": "Dr Eluwole",
        "address": "Omogba Phase II",
        "country": "Nigeria",
        "phone_number": null,
        "reward": 1,
        "note": "",
        "email": "prontomaster@gmail.com",
        "created": "2020-12-01T09:04:35.361Z",
        "paid": true,
        "braintree_id": "",
        "paystack_id": ""
      }
    },
    {
      "model": "crowdfund.order",
      "pk": 78,
      "fields": {
        "name": "Yewande Savage",
        "address": "Lekki, Lagos",
        "country": "Nigeria",
        "phone_number": null,
        "reward": 3,
        "note": "",
        "email": "yewisav@gmail.com",
        "created": "2020-12-04T21:11:02.618Z",
        "paid": true,
        "braintree_id": "BL7BTO5QIRDC",
        "paystack_id": ""
      }
    },
    {
      "model": "crowdfund.order",
      "pk": 80,
      "fields": {
        "name": "Olumayokun Sanni",
        "address": "New Horizon 1 Estate Ikate",
        "country": "Nigeria",
        "phone_number": null,
        "reward": 1,
        "note": "",
        "email": "sanniolumayokun@yahoo.com",
        "created": "2020-12-04T21:44:44.156Z",
        "paid": true,
        "braintree_id": "Y1ZSBBVHGGDU",
        "paystack_id": ""
      }
    },
    {
      "model": "crowdfund.order",
      "pk": 81,
      "fields": {
        "name": "Omolaja Fanimokun",
        "address": "Block 12 flat 1 chief anthony enahoro estate",
        "country": "Nigeria",
        "phone_number": null,
        "reward": 3,
        "note": "",
        "email": "omolaja.fanimokun@gmail.com",
        "created": "2020-12-05T08:39:19.063Z",
        "paid": false,
        "braintree_id": "2F1KEEJ86UJ7",
        "paystack_id": ""
      }
    },
    {
      "model": "crowdfund.order",
      "pk": 83,
      "fields": {
        "name": "Henry Mascot",
        "address": "Lagos",
        "country": "Nigeria",
        "phone_number": null,
        "reward": 10,
        "note": "",
        "email": "henrino3@gmail.com",
        "created": "2020-12-05T16:41:13.079Z",
        "paid": true,
        "braintree_id": "A0NSVGNTPHFO",
        "paystack_id": ""
      }
    },
    {
      "model": "crowdfund.order",
      "pk": 85,
      "fields": {
        "name": "Funmi Ajayi",
        "address": "Lagos",
        "country": "Nigeria",
        "phone_number": null,
        "reward": 1,
        "note": "",
        "email": "abdulkareemadeyemi@yahoo.com",
        "created": "2020-12-08T14:13:48.680Z",
        "paid": true,
        "braintree_id": "BPOZGN2A9AVK",
        "paystack_id": ""
      }
    },
    {
      "model": "crowdfund.order",
      "pk": 86,
      "fields": {
        "name": "Gbenga Olowolajuogbon",
        "address": "Lagos",
        "country": "Nigeria",
        "phone_number": null,
        "reward": 3,
        "note": "",
        "email": "abdulkareemadeyemi@yahoo.com",
        "created": "2020-12-09T06:35:22.479Z",
        "paid": true,
        "braintree_id": "WTI1LPXWJTUF",
        "paystack_id": ""
      }
    },
    {
      "model": "crowdfund.order",
      "pk": 88,
      "fields": {
        "name": "Lekan Adeyemi",
        "address": "No7,Brown close aguda surulere Lagos",
        "country": "Nigeria",
        "phone_number": null,
        "reward": 1,
        "note": "",
        "email": "abdulkareemadeyemi@yahoo.com",
        "created": "2020-12-09T06:57:37.697Z",
        "paid": true,
        "braintree_id": "4BCPVPV3GZGZ",
        "paystack_id": ""
      }
    },
    {
      "model": "crowdfund.order",
      "pk": 89,
      "fields": {
        "name": "Olanrewaju Olorunsola",
        "address": "Ikeja dipeolu",
        "country": "Nigeria",
        "phone_number": null,
        "reward": 1,
        "note": "",
        "email": "olanrewajuolorunsola@gmail.com",
        "created": "2020-12-11T06:28:05.144Z",
        "paid": true,
        "braintree_id": "GEN0GRXDEDCV",
        "paystack_id": ""
      }
    },
    {
      "model": "crowdfund.order",
      "pk": 90,
      "fields": {
        "name": "Victoria Campbell",
        "address": "1, Sarata Ijaoba, Idera, Ijede, Lagos",
        "country": "Nigeria",
        "phone_number": null,
        "reward": 10,
        "note": "",
        "email": "olaoluwayimika.vc@gmail.com",
        "created": "2020-12-12T23:30:58.433Z",
        "paid": false,
        "braintree_id": "JW9DN9BLOE8M",
        "paystack_id": ""
      }
    },
    {
      "model": "crowdfund.order",
      "pk": 91,
      "fields": {
        "name": "Oluwafisayo Aanu",
        "address": "Edinburgh",
        "country": "Uk",
        "phone_number": null,
        "reward": 10,
        "note": "",
        "email": "aanufisayo@gmail.com",
        "created": "2020-12-14T07:55:48.133Z",
        "paid": true,
        "braintree_id": "ET3UBFYMLI4F",
        "paystack_id": ""
      }
    },
    {
      "model": "crowdfund.order",
      "pk": 92,
      "fields": {
        "name": "Oluwafemi",
        "address": "Lagos",
        "country": "Nigeria",
        "phone_number": null,
        "reward": 10,
        "note": "",
        "email": "prontomaster@gmail.com",
        "created": "2020-12-14T15:08:02.001Z",
        "paid": true,
        "braintree_id": "",
        "paystack_id": ""
      }
    },
    {
      "model": "crowdfund.frequentlyaskedquestion",
      "pk": 1,
      "fields": {
        "title": "When Will I Receive My Book?"
      }
    },
    {
      "model": "crowdfund.frequentlyaskedquestion",
      "pk": 2,
      "fields": {
        "title": "How About The Perks?"
      }
    },
    {
      "model": "crowdfund.frequentlyaskedquestion",
      "pk": 3,
      "fields": {
        "title": "Can I Get A Refund?"
      }
    },
    {
      "model": "crowdfund.frequentlyaskedquestion",
      "pk": 4,
      "fields": {
        "title": "Are My Details Secured With You?"
      }
    },
    {
      "model": "crowdfund.frequentlyaskedquestiondescription",
      "pk": 1,
      "fields": {
        "faq": 1,
        "description": "We are currently editing the second draft of the book and we will be processing the orders we get by the end of the campaign on the 21st of December 2020. The book will be printed and shipped for paperbacks and should get in February or March 2021. The digital download will also be processed for different versions and an email will be sent to you to download it when ready.\r\n\r\nThe gears will also be sent to you together with the book and all that you have in the pledge.\r\n\r\nPlease note that people outside Nigeria will not be able to get a physical copy of my first book, The “OBAMA” in You! because of the shipping costs. They will, however, get the digital copy of the book."
      }
    },
    {
      "model": "crowdfund.frequentlyaskedquestiondescription",
      "pk": 2,
      "fields": {
        "faq": 2,
        "description": "All perks for this project will be received by February 2021 latest to enable us to process all the orders.\r\n\r\nFor additional perks like the putting up of promotional video or a website, please contact the author if you want to trigger that option so that you can be scheduled. For websites, you must have your domain name and host ready except you pledge a category that comes with free hosting.\r\n\r\nSpaces are limited for this feature and it will be on a first-come-first-served basis. You should contact the author if you want to explore this option so that you can be scheduled on the calendar."
      }
    },
    {
      "model": "crowdfund.frequentlyaskedquestiondescription",
      "pk": 3,
      "fields": {
        "faq": 3,
        "description": "Nah! Why would you want to do that? No refunds so please consider this well before chipping in! Haha!"
      }
    },
    {
      "model": "crowdfund.frequentlyaskedquestiondescription",
      "pk": 4,
      "fields": {
        "faq": 4,
        "description": "The collection of payment is Paystack and PayPal and these are reliable payment solution companies. We do not have any access to your credit card and debit cards details. \r\n\r\nIf you have any reservations or in the event of any unlikely glitch, please use the contact form or call these numbers: 234-8144739213."
      }
    },
    {
      "model": "crowdfund.gallery",
      "pk": 2,
      "fields": {
        "title": "Book Event",
        "caption": "Signing autographs during the launch of my first book",
        "image": "images/BOOK_LAUNCH_1.JPG"
      }
    },
    {
      "model": "crowdfund.gallery",
      "pk": 4,
      "fields": {
        "title": "Book Event",
        "caption": "Unveiling my \"first baby\" to the world at the Nigerian Institute of International Affairs",
        "image": "images/BOOK_LAUNCH_8.JPG"
      }
    },
    {
      "model": "crowdfund.gallery",
      "pk": 5,
      "fields": {
        "title": "Book Event",
        "caption": "Believe your own rhetoric",
        "image": "images/BOOK_LAUNCH_6.JPG"
      }
    },
    {
      "model": "crowdfund.gallery",
      "pk": 6,
      "fields": {
        "title": "Book Event",
        "caption": "We got endorsed by DHL, Tonye Cole of Sahara Energy and a few others. That was good!",
        "image": "images/BOOK_LAUNCH_3.JPG"
      }
    },
    {
      "model": "crowdfund.gallery",
      "pk": 7,
      "fields": {
        "title": "Book Event",
        "caption": "See, we got a few close friends around as well!",
        "image": "images/BOOK_LAUNCH_5.JPG"
      }
    },
    {
      "model": "crowdfund.gallery",
      "pk": 8,
      "fields": {
        "title": "Book Event",
        "caption": "We also got a massive support! The biggest I've ever seen (In Trump's voice)! Haha",
        "image": "images/BOOK_LAUNCH_4.JPG"
      }
    },
    {
      "model": "crowdfund.gallery",
      "pk": 9,
      "fields": {
        "title": "Book Event",
        "caption": "Write something worth reading or do something worth writing",
        "image": "images/BOOK_LAUNCH_9.JPG"
      }
    },
    {
      "model": "crowdfund.gallery",
      "pk": 10,
      "fields": {
        "title": "Book Event",
        "caption": "You're the average of the five people you walk with. Here's my super five!",
        "image": "images/BOOK_LAUNCH_10.JPG"
      }
    },
    {
      "model": "crowdfund.gallery",
      "pk": 11,
      "fields": {
        "title": "Book Event",
        "caption": "Sign up to our campaign today!",
        "image": "images/IMG_4570.JPG"
      }
    },
    {
      "model": "crowdfund.section",
      "pk": 1,
      "fields": {
        "title": "Why Are We Doing This?",
        "content": "For this campaign, we have a funding goal of $25,000 or its Naira equivalent. The crowdfunding begins on November 16, 2020, to December 21, 2020, after which we will start after fulfilling the orders that we get from the campaign. We are crowdfunding this book for a couple of reasons. \r\n\r\n(1) Publishing Costs: The funds we raise will help meet basic publishing costs for ISBN, book cover design, galley design, professional editor fees, creation of a website for crowdfunding and book sales and printing of the initial 200 copies from a US Printer. \r\n\r\n(2) Marketing Costs. We want to market this book majorly online while driving engagement and sales through social media and the book’s website. We want to ensure the book is well optimized on Amazon to make sales. We plan to hire an Amazon book sales expert in this regard. \r\n\r\n(3) Research Costs:  We intend to start working on our next book — a nonfiction work inspired by the Covid-19 pandemic. We want to give this work all the concentration it would require so that we can meet our deadline. The funds we generate here will help us fund the research and other costs that would arise. . We will be able to put all the exigencies in place for the success of our next book project.",
        "image": ""
      }
    },
    {
      "model": "crowdfund.section",
      "pk": 2,
      "fields": {
        "title": "What's In It For Me?",
        "content": "We are in a very challenging moment right now across the world with the Covid-19 scourge. People are losing jobs and the economy is biting hard. We are embarking on this project with all sensitivity as our collective good transcends any project. Asides the sheer altruistic gesture of supporting this campaign, we will be adding some rewards which are accentuated with every level of the pledges. We can’t pay you back for chipping into this cause — but we’ll try. Asides the copy of the book and my first book (for Nigerian backers only because of shipping costs), I’ll be offering voiceover services, book services (if you want to publish your book), website building (this is a good time to have an online presence!), promotional videos as perks as you pledge. I have partnered with exceptionally talented young people who would deliver these things to you at a great value. So it won’t just be that you are supporting this project, but you are also going to get a good deal for these services you won’t get elsewhere. We are sorry if these perks don’t impress you!",
        "image": ""
      }
    },
    {
      "model": "crowdfund.section",
      "pk": 3,
      "fields": {
        "title": "Why You Should Trust This Campaign",
        "content": "My first stint in publishing was eight years ago. Back then, I did some sort of crowdfunding and gathered just about enough money to publish. I was just following my instinct as a young man with a dose of exuberance —knocking on every door like a desperate politician on the campaign trail!\r\n\r\nWe had the book launch at the Nigerian Institute of International Affairs and it was a beautiful event with important guests like the current MD of the bank of Industry—Kayode Pitan and Co-founder of The Sahara Group—Tonye Cole amidst other important dignitaries.\r\n\r\n The book did fairly well for a book with limited marketing — selling almost a thousand copies. After publishing, I gained a sizeable amount of experience in publishing and even went further to study more on publishing as I worked with a big printer from India (Balwant Printers) as senior Business Development Manager—helping them fulfil printing orders from Nigeria. We also partnered with logistics behemoth DHL who helped us in bringing in reprinted copies from India. The book did well for a book with limited marketing — selling almost a thousand copies. After publishing, I gained an invaluable amount of experience in publishing and went further to study more on publishing as I worked with a big printer from India  (https://www.balwantprinters.com/) as Senior Business Development Manager—helping them fulfil printing orders from Nigeria.\r\n\r\nI have a good experience in publishing to deliver on what I promise here.",
        "image": ""
      }
    },
    {
      "model": "crowdfund.section",
      "pk": 4,
      "fields": {
        "title": "About The Author",
        "content": "Opeyemi Philips is a Nigerian- born Global Citizen who writes with the pseudonym O.P. Philips. He is an author, entrepreneur, voice talent, a lover of football and an advocate for justice. He has worked in the creative industry in Nigeria for over twenty years — developing contents for film, television, print media and the new media. He has also collaborated with foreign studios on film projects and educational initiatives.\r\n\r\nAs a voice talent, he has recorded scores of commercials, audiobooks, documentary and animation narrations, pre-recorded messages and just about everything that can be voiced.\r\n\r\nIn 2012 Opeyemi authored his first published book: The “OBAMA” in You! A self-help book that chronicles the journey that led President Obama to unprecedented victory and how people can achieve goals using the same time-honoured principles.\r\n\r\nHe used to run one of Nigeria’s biggest podcast — NaijaPodcast which he plans to bring back once he eases on his writing projects.\r\n\r\nAsides writing, Opeyemi is an entrepreneur with a predilection for online businesses and he runs a blog—What Football Teaches (WFT) — that uses football (soccer) to inspire people and organizations to be their best versions. This blog was inspired by his on-going work What Football Teaches About Life—a nonfiction book.\r\n\r\nCurrently, he is back in college studying Business Administration at The University of The People. When he is not reading or watching Manchester United, he loves volunteering for community work.\r\n\r\nHe is happily single and has been stuck in Surulere, Lagos Nigeria even before the pandemic!",
        "image": "images/autho.jpeg"
      }
    },
    {
      "model": "ipn.paypalipn",
      "pk": 1,
      "fields": {
        "business": "wwibf-merch@gmail.com",
        "charset": "UTF-8",
        "custom": "",
        "notify_version": "3.90",
        "parent_txn_id": "",
        "receiver_email": "wwibf-merch@gmail.com",
        "receiver_id": "TSCH2AHNL7R6G",
        "residence_country": "US",
        "test_ipn": true,
        "txn_id": "26S39552KR628814W",
        "txn_type": "web_accept",
        "verify_sign": "A7LWorWrJcRjmmYMyZ3UG3TC-LgOAOB4vMwah-hj0mIjx7zs1UWWknCg",
        "address_country": "",
        "address_city": "",
        "address_country_code": "",
        "address_name": "",
        "address_state": "",
        "address_status": "",
        "address_street": "",
        "address_zip": "",
        "contact_phone": "",
        "first_name": "Opeyemi",
        "last_name": "Obisesan",
        "payer_business_name": "",
        "payer_email": "wwibf-buyer@gmail.com",
        "payer_id": "845ATYDBKB77A",
        "auth_amount": "0.00",
        "auth_exp": "",
        "auth_id": "",
        "auth_status": "",
        "exchange_rate": "0E-16",
        "invoice": "20",
        "item_name": "Order Propellers",
        "item_number": "",
        "mc_currency": "USD",
        "mc_fee": "4.65",
        "mc_gross": "150.00",
        "mc_handling": "0.00",
        "mc_shipping": "0.00",
        "memo": "",
        "num_cart_items": 0,
        "option_name1": "",
        "option_name2": "",
        "option_selection1": "",
        "option_selection2": "",
        "payer_status": "verified",
        "payment_date": "2020-11-08T06:49:20Z",
        "payment_gross": "150.00",
        "payment_status": "Completed",
        "payment_type": "instant",
        "pending_reason": "",
        "protection_eligibility": "Eligible",
        "quantity": 1,
        "reason_code": "",
        "remaining_settle": "0.00",
        "settle_amount": "0.00",
        "settle_currency": "",
        "shipping": "0.00",
        "shipping_method": "Default",
        "tax": "0.00",
        "transaction_entity": "",
        "auction_buyer_id": "",
        "auction_closing_date": null,
        "auction_multi_item": 0,
        "for_auction": "0.00",
        "amount": "0.00",
        "amount_per_cycle": "0.00",
        "initial_payment_amount": "0.00",
        "next_payment_date": null,
        "outstanding_balance": "0.00",
        "payment_cycle": "",
        "period_type": "",
        "product_name": "",
        "product_type": "",
        "profile_status": "",
        "recurring_payment_id": "",
        "rp_invoice_id": "",
        "time_created": null,
        "amount1": "0.00",
        "amount2": "0.00",
        "amount3": "0.00",
        "mc_amount1": "0.00",
        "mc_amount2": "0.00",
        "mc_amount3": "0.00",
        "password": "",
        "period1": "",
        "period2": "",
        "period3": "",
        "reattempt": "",
        "recur_times": 0,
        "recurring": "",
        "retry_at": null,
        "subscr_date": null,
        "subscr_effective": null,
        "subscr_id": "",
        "username": "",
        "mp_id": null,
        "case_creation_date": null,
        "case_id": "",
        "case_type": "",
        "receipt_id": "",
        "currency_code": "USD",
        "handling_amount": "0.00",
        "transaction_subject": "",
        "ipaddress": "10.0.0.124",
        "flag": false,
        "flag_code": "",
        "flag_info": "",
        "query": "mc_gross=150.00&invoice=20&protection_eligibility=Eligible&payer_id=845ATYDBKB77A&payment_date=22%3A49%3A20+Nov+07%2C+2020+PST&payment_status=Completed&charset=UTF-8&first_name=Opeyemi&mc_fee=4.65&notify_version=3.9&custom=&payer_status=verified&business=wwibf-merch%40gmail.com&quantity=1&verify_sign=A7LWorWrJcRjmmYMyZ3UG3TC-LgOAOB4vMwah-hj0mIjx7zs1UWWknCg&payer_email=wwibf-buyer%40gmail.com&txn_id=26S39552KR628814W&payment_type=instant&last_name=Obisesan&receiver_email=wwibf-merch%40gmail.com&payment_fee=4.65&shipping_discount=0.00&receiver_id=TSCH2AHNL7R6G&insurance_amount=0.00&txn_type=web_accept&item_name=Order+Propellers&discount=0.00&mc_currency=USD&item_number=&residence_country=US&test_ipn=1&shipping_method=Default&transaction_subject=&payment_gross=150.00&ipn_track_id=a3c8c176ad6cf",
        "response": "VERIFIED",
        "created_at": "2020-11-08T06:49:39.209Z",
        "updated_at": "2020-11-08T06:49:39.276Z",
        "from_view": null
      }
    },
    {
      "model": "ipn.paypalipn",
      "pk": 2,
      "fields": {
        "business": "wwibf-merch@gmail.com",
        "charset": "UTF-8",
        "custom": "",
        "notify_version": "3.90",
        "parent_txn_id": "",
        "receiver_email": "wwibf-merch@gmail.com",
        "receiver_id": "TSCH2AHNL7R6G",
        "residence_country": "US",
        "test_ipn": true,
        "txn_id": "10X40767ND2162747",
        "txn_type": "web_accept",
        "verify_sign": "AQ1x2QftwZO4gbv57ONUHeJy9r6HAlPovTSojlxGMFfjkL9tYixwNMXF",
        "address_country": "",
        "address_city": "",
        "address_country_code": "",
        "address_name": "",
        "address_state": "",
        "address_status": "",
        "address_street": "",
        "address_zip": "",
        "contact_phone": "",
        "first_name": "Opeyemi",
        "last_name": "Obisesan",
        "payer_business_name": "",
        "payer_email": "wwibf-buyer@gmail.com",
        "payer_id": "845ATYDBKB77A",
        "auth_amount": "0.00",
        "auth_exp": "",
        "auth_id": "",
        "auth_status": "",
        "exchange_rate": "0E-16",
        "invoice": "21",
        "item_name": "Order Angels",
        "item_number": "",
        "mc_currency": "USD",
        "mc_fee": "29.30",
        "mc_gross": "1000.00",
        "mc_handling": "0.00",
        "mc_shipping": "0.00",
        "memo": "",
        "num_cart_items": 0,
        "option_name1": "",
        "option_name2": "",
        "option_selection1": "",
        "option_selection2": "",
        "payer_status": "verified",
        "payment_date": "2020-11-09T05:19:49Z",
        "payment_gross": "1000.00",
        "payment_status": "Completed",
        "payment_type": "instant",
        "pending_reason": "",
        "protection_eligibility": "Eligible",
        "quantity": 1,
        "reason_code": "",
        "remaining_settle": "0.00",
        "settle_amount": "0.00",
        "settle_currency": "",
        "shipping": "0.00",
        "shipping_method": "Default",
        "tax": "0.00",
        "transaction_entity": "",
        "auction_buyer_id": "",
        "auction_closing_date": null,
        "auction_multi_item": 0,
        "for_auction": "0.00",
        "amount": "0.00",
        "amount_per_cycle": "0.00",
        "initial_payment_amount": "0.00",
        "next_payment_date": null,
        "outstanding_balance": "0.00",
        "payment_cycle": "",
        "period_type": "",
        "product_name": "",
        "product_type": "",
        "profile_status": "",
        "recurring_payment_id": "",
        "rp_invoice_id": "",
        "time_created": null,
        "amount1": "0.00",
        "amount2": "0.00",
        "amount3": "0.00",
        "mc_amount1": "0.00",
        "mc_amount2": "0.00",
        "mc_amount3": "0.00",
        "password": "",
        "period1": "",
        "period2": "",
        "period3": "",
        "reattempt": "",
        "recur_times": 0,
        "recurring": "",
        "retry_at": null,
        "subscr_date": null,
        "subscr_effective": null,
        "subscr_id": "",
        "username": "",
        "mp_id": null,
        "case_creation_date": null,
        "case_id": "",
        "case_type": "",
        "receipt_id": "",
        "currency_code": "USD",
        "handling_amount": "0.00",
        "transaction_subject": "",
        "ipaddress": "10.0.0.124",
        "flag": false,
        "flag_code": "",
        "flag_info": "",
        "query": "mc_gross=1000.00&invoice=21&protection_eligibility=Eligible&payer_id=845ATYDBKB77A&payment_date=21%3A19%3A49+Nov+08%2C+2020+PST&payment_status=Completed&charset=UTF-8&first_name=Opeyemi&mc_fee=29.30&notify_version=3.9&custom=&payer_status=verified&business=wwibf-merch%40gmail.com&quantity=1&verify_sign=AQ1x2QftwZO4gbv57ONUHeJy9r6HAlPovTSojlxGMFfjkL9tYixwNMXF&payer_email=wwibf-buyer%40gmail.com&txn_id=10X40767ND2162747&payment_type=instant&last_name=Obisesan&receiver_email=wwibf-merch%40gmail.com&payment_fee=29.30&shipping_discount=0.00&receiver_id=TSCH2AHNL7R6G&insurance_amount=0.00&txn_type=web_accept&item_name=Order+Angels&discount=0.00&mc_currency=USD&item_number=&residence_country=US&test_ipn=1&shipping_method=Default&transaction_subject=&payment_gross=1000.00&ipn_track_id=8ffb97f437719",
        "response": "VERIFIED",
        "created_at": "2020-11-09T05:20:08.875Z",
        "updated_at": "2020-11-09T05:20:08.942Z",
        "from_view": null
      }
    },
    {
      "model": "ipn.paypalipn",
      "pk": 3,
      "fields": {
        "business": "wwibf-merch@gmail.com",
        "charset": "UTF-8",
        "custom": "",
        "notify_version": "3.90",
        "parent_txn_id": "",
        "receiver_email": "wwibf-merch@gmail.com",
        "receiver_id": "TSCH2AHNL7R6G",
        "residence_country": "US",
        "test_ipn": true,
        "txn_id": "3PL25496FY2359833",
        "txn_type": "web_accept",
        "verify_sign": "ARJ-i3E57Was2PQV6xFZn9.8Anb7Ahy4pxZE.zQO3tYutw-9aBCHtYyK",
        "address_country": "",
        "address_city": "",
        "address_country_code": "",
        "address_name": "",
        "address_state": "",
        "address_status": "",
        "address_street": "",
        "address_zip": "",
        "contact_phone": "",
        "first_name": "Opeyemi",
        "last_name": "Obisesan",
        "payer_business_name": "",
        "payer_email": "wwibf-buyer@gmail.com",
        "payer_id": "845ATYDBKB77A",
        "auth_amount": "0.00",
        "auth_exp": "",
        "auth_id": "",
        "auth_status": "",
        "exchange_rate": "0E-16",
        "invoice": "31",
        "item_name": "Order Hall of Famers (Exclusive)",
        "item_number": "",
        "mc_currency": "USD",
        "mc_fee": "145.30",
        "mc_gross": "5000.00",
        "mc_handling": "0.00",
        "mc_shipping": "0.00",
        "memo": "",
        "num_cart_items": 0,
        "option_name1": "",
        "option_name2": "",
        "option_selection1": "",
        "option_selection2": "",
        "payer_status": "verified",
        "payment_date": "2020-11-15T12:03:38Z",
        "payment_gross": "5000.00",
        "payment_status": "Completed",
        "payment_type": "instant",
        "pending_reason": "",
        "protection_eligibility": "Eligible",
        "quantity": 1,
        "reason_code": "",
        "remaining_settle": "0.00",
        "settle_amount": "0.00",
        "settle_currency": "",
        "shipping": "0.00",
        "shipping_method": "Default",
        "tax": "0.00",
        "transaction_entity": "",
        "auction_buyer_id": "",
        "auction_closing_date": null,
        "auction_multi_item": 0,
        "for_auction": "0.00",
        "amount": "0.00",
        "amount_per_cycle": "0.00",
        "initial_payment_amount": "0.00",
        "next_payment_date": null,
        "outstanding_balance": "0.00",
        "payment_cycle": "",
        "period_type": "",
        "product_name": "",
        "product_type": "",
        "profile_status": "",
        "recurring_payment_id": "",
        "rp_invoice_id": "",
        "time_created": null,
        "amount1": "0.00",
        "amount2": "0.00",
        "amount3": "0.00",
        "mc_amount1": "0.00",
        "mc_amount2": "0.00",
        "mc_amount3": "0.00",
        "password": "",
        "period1": "",
        "period2": "",
        "period3": "",
        "reattempt": "",
        "recur_times": 0,
        "recurring": "",
        "retry_at": null,
        "subscr_date": null,
        "subscr_effective": null,
        "subscr_id": "",
        "username": "",
        "mp_id": null,
        "case_creation_date": null,
        "case_id": "",
        "case_type": "",
        "receipt_id": "",
        "currency_code": "USD",
        "handling_amount": "0.00",
        "transaction_subject": "",
        "ipaddress": "10.0.0.124",
        "flag": false,
        "flag_code": "",
        "flag_info": "",
        "query": "mc_gross=5000.00&invoice=31&protection_eligibility=Eligible&payer_id=845ATYDBKB77A&payment_date=04%3A03%3A38+Nov+15%2C+2020+PST&payment_status=Completed&charset=UTF-8&first_name=Opeyemi&mc_fee=145.30&notify_version=3.9&custom=&payer_status=verified&business=wwibf-merch%40gmail.com&quantity=1&verify_sign=ARJ-i3E57Was2PQV6xFZn9.8Anb7Ahy4pxZE.zQO3tYutw-9aBCHtYyK&payer_email=wwibf-buyer%40gmail.com&txn_id=3PL25496FY2359833&payment_type=instant&last_name=Obisesan&receiver_email=wwibf-merch%40gmail.com&payment_fee=145.30&shipping_discount=0.00&receiver_id=TSCH2AHNL7R6G&insurance_amount=0.00&txn_type=web_accept&item_name=Order+Hall+of+Famers+%28Exclusive%29&discount=0.00&mc_currency=USD&item_number=&residence_country=US&test_ipn=1&shipping_method=Default&transaction_subject=&payment_gross=5000.00&ipn_track_id=481b9edcab6fb",
        "response": "VERIFIED",
        "created_at": "2020-11-15T12:04:15.926Z",
        "updated_at": "2020-11-15T12:04:16.007Z",
        "from_view": null
      }
    },
    {
      "model": "ipn.paypalipn",
      "pk": 4,
      "fields": {
        "business": "wwibf-merch@gmail.com",
        "charset": "UTF-8",
        "custom": "",
        "notify_version": "3.90",
        "parent_txn_id": "",
        "receiver_email": "wwibf-merch@gmail.com",
        "receiver_id": "TSCH2AHNL7R6G",
        "residence_country": "US",
        "test_ipn": true,
        "txn_id": "3PL25496FY2359833",
        "txn_type": "web_accept",
        "verify_sign": "ARJ-i3E57Was2PQV6xFZn9.8Anb7Ahy4pxZE.zQO3tYutw-9aBCHtYyK",
        "address_country": "",
        "address_city": "",
        "address_country_code": "",
        "address_name": "",
        "address_state": "",
        "address_status": "",
        "address_street": "",
        "address_zip": "",
        "contact_phone": "",
        "first_name": "Opeyemi",
        "last_name": "Obisesan",
        "payer_business_name": "",
        "payer_email": "wwibf-buyer@gmail.com",
        "payer_id": "845ATYDBKB77A",
        "auth_amount": "0.00",
        "auth_exp": "",
        "auth_id": "",
        "auth_status": "",
        "exchange_rate": "0E-16",
        "invoice": "31",
        "item_name": "Order Hall of Famers (Exclusive)",
        "item_number": "",
        "mc_currency": "USD",
        "mc_fee": "145.30",
        "mc_gross": "5000.00",
        "mc_handling": "0.00",
        "mc_shipping": "0.00",
        "memo": "",
        "num_cart_items": 0,
        "option_name1": "",
        "option_name2": "",
        "option_selection1": "",
        "option_selection2": "",
        "payer_status": "verified",
        "payment_date": "2020-11-15T12:03:38Z",
        "payment_gross": "5000.00",
        "payment_status": "Completed",
        "payment_type": "instant",
        "pending_reason": "",
        "protection_eligibility": "Eligible",
        "quantity": 1,
        "reason_code": "",
        "remaining_settle": "0.00",
        "settle_amount": "0.00",
        "settle_currency": "",
        "shipping": "0.00",
        "shipping_method": "Default",
        "tax": "0.00",
        "transaction_entity": "",
        "auction_buyer_id": "",
        "auction_closing_date": null,
        "auction_multi_item": 0,
        "for_auction": "0.00",
        "amount": "0.00",
        "amount_per_cycle": "0.00",
        "initial_payment_amount": "0.00",
        "next_payment_date": null,
        "outstanding_balance": "0.00",
        "payment_cycle": "",
        "period_type": "",
        "product_name": "",
        "product_type": "",
        "profile_status": "",
        "recurring_payment_id": "",
        "rp_invoice_id": "",
        "time_created": null,
        "amount1": "0.00",
        "amount2": "0.00",
        "amount3": "0.00",
        "mc_amount1": "0.00",
        "mc_amount2": "0.00",
        "mc_amount3": "0.00",
        "password": "",
        "period1": "",
        "period2": "",
        "period3": "",
        "reattempt": "",
        "recur_times": 0,
        "recurring": "",
        "retry_at": null,
        "subscr_date": null,
        "subscr_effective": null,
        "subscr_id": "",
        "username": "",
        "mp_id": null,
        "case_creation_date": null,
        "case_id": "",
        "case_type": "",
        "receipt_id": "",
        "currency_code": "USD",
        "handling_amount": "0.00",
        "transaction_subject": "",
        "ipaddress": "10.0.0.124",
        "flag": true,
        "flag_code": "",
        "flag_info": "Duplicate txn_id. (3PL25496FY2359833)",
        "query": "mc_gross=5000.00&invoice=31&protection_eligibility=Eligible&payer_id=845ATYDBKB77A&payment_date=04%3A03%3A38+Nov+15%2C+2020+PST&payment_status=Completed&charset=UTF-8&first_name=Opeyemi&mc_fee=145.30&notify_version=3.9&custom=&payer_status=verified&business=wwibf-merch%40gmail.com&quantity=1&verify_sign=ARJ-i3E57Was2PQV6xFZn9.8Anb7Ahy4pxZE.zQO3tYutw-9aBCHtYyK&payer_email=wwibf-buyer%40gmail.com&txn_id=3PL25496FY2359833&payment_type=instant&last_name=Obisesan&receiver_email=wwibf-merch%40gmail.com&payment_fee=145.30&shipping_discount=0.00&receiver_id=TSCH2AHNL7R6G&insurance_amount=0.00&txn_type=web_accept&item_name=Order+Hall+of+Famers+%28Exclusive%29&discount=0.00&mc_currency=USD&item_number=&residence_country=US&test_ipn=1&shipping_method=Default&transaction_subject=&payment_gross=5000.00&ipn_track_id=481b9edcab6fb",
        "response": "VERIFIED",
        "created_at": "2020-11-15T12:04:18.622Z",
        "updated_at": "2020-11-15T12:04:18.714Z",
        "from_view": null
      }
    },
    {
      "model": "ipn.paypalipn",
      "pk": 5,
      "fields": {
        "business": "",
        "charset": "windows-1252",
        "custom": "",
        "notify_version": "3.90",
        "parent_txn_id": "",
        "receiver_email": "McCartneysystems@gmail.com",
        "receiver_id": "",
        "residence_country": "US",
        "test_ipn": true,
        "txn_id": "7PU10356PE129833W",
        "txn_type": "web_accept",
        "verify_sign": "Aq3kuF-RNLio2Zvfvga2f582st.WAVGALMZMD0tXnIvIzGI05DBGMOvl",
        "address_country": "",
        "address_city": "",
        "address_country_code": "",
        "address_name": "",
        "address_state": "",
        "address_status": "",
        "address_street": "",
        "address_zip": "",
        "contact_phone": "",
        "first_name": "Opeyemi",
        "last_name": "Obisesan",
        "payer_business_name": "",
        "payer_email": "wwibf-buyer@gmail.com",
        "payer_id": "845ATYDBKB77A",
        "auth_amount": "0.00",
        "auth_exp": "",
        "auth_id": "",
        "auth_status": "",
        "exchange_rate": "0E-16",
        "invoice": "39",
        "item_name": "Order A Dollar Reward",
        "item_number": "",
        "mc_currency": "USD",
        "mc_fee": "0.00",
        "mc_gross": "1.00",
        "mc_handling": "0.00",
        "mc_shipping": "0.00",
        "memo": "",
        "num_cart_items": 0,
        "option_name1": "",
        "option_name2": "",
        "option_selection1": "",
        "option_selection2": "",
        "payer_status": "verified",
        "payment_date": "2020-11-16T13:09:00Z",
        "payment_gross": "1.00",
        "payment_status": "Pending",
        "payment_type": "instant",
        "pending_reason": "unilateral",
        "protection_eligibility": "Ineligible",
        "quantity": 1,
        "reason_code": "",
        "remaining_settle": "0.00",
        "settle_amount": "0.00",
        "settle_currency": "",
        "shipping": "0.00",
        "shipping_method": "Default",
        "tax": "0.00",
        "transaction_entity": "",
        "auction_buyer_id": "",
        "auction_closing_date": null,
        "auction_multi_item": 0,
        "for_auction": "0.00",
        "amount": "0.00",
        "amount_per_cycle": "0.00",
        "initial_payment_amount": "0.00",
        "next_payment_date": null,
        "outstanding_balance": "0.00",
        "payment_cycle": "",
        "period_type": "",
        "product_name": "",
        "product_type": "",
        "profile_status": "",
        "recurring_payment_id": "",
        "rp_invoice_id": "",
        "time_created": null,
        "amount1": "0.00",
        "amount2": "0.00",
        "amount3": "0.00",
        "mc_amount1": "0.00",
        "mc_amount2": "0.00",
        "mc_amount3": "0.00",
        "password": "",
        "period1": "",
        "period2": "",
        "period3": "",
        "reattempt": "",
        "recur_times": 0,
        "recurring": "",
        "retry_at": null,
        "subscr_date": null,
        "subscr_effective": null,
        "subscr_id": "",
        "username": "",
        "mp_id": null,
        "case_creation_date": null,
        "case_id": "",
        "case_type": "",
        "receipt_id": "",
        "currency_code": "USD",
        "handling_amount": "0.00",
        "transaction_subject": "",
        "ipaddress": "10.0.0.124",
        "flag": false,
        "flag_code": "",
        "flag_info": "",
        "query": "insurance_amount=0.00&discount=0.00&transaction_subject=&txn_type=web_accept&payment_date=05%3A09%3A00+Nov+16%2C+2020+PST&last_name=Obisesan&residence_country=US&pending_reason=unilateral&shipping_method=Default&item_name=Order+A+Dollar+Reward&payment_gross=1.00&mc_currency=USD&payment_type=instant&protection_eligibility=Ineligible&verify_sign=Aq3kuF-RNLio2Zvfvga2f582st.WAVGALMZMD0tXnIvIzGI05DBGMOvl&payer_status=verified&test_ipn=1&payer_email=wwibf-buyer%40gmail.com&txn_id=7PU10356PE129833W&quantity=1&receiver_email=McCartneysystems%40gmail.com&first_name=Opeyemi&invoice=39&payer_id=845ATYDBKB77A&item_number=&payment_status=Pending&mc_gross=1.00&custom=&charset=windows-1252&notify_version=3.9&shipping_discount=0.00&ipn_track_id=291312fbab966",
        "response": "VERIFIED",
        "created_at": "2020-11-16T13:09:41.903Z",
        "updated_at": "2020-11-16T13:09:41.967Z",
        "from_view": null
      }
    },
    {
      "model": "admin.logentry",
      "pk": 1,
      "fields": {
        "action_time": "2020-09-30T18:40:57.005Z",
        "user": [
          "seyi"
        ],
        "content_type": [
          "crowdfund",
          "reward"
        ],
        "object_id": "1",
        "object_repr": "Top Fans",
        "action_flag": 1,
        "change_message": "[{\"added\": {}}]"
      }
    },
    {
      "model": "admin.logentry",
      "pk": 2,
      "fields": {
        "action_time": "2020-09-30T18:41:11.325Z",
        "user": [
          "seyi"
        ],
        "content_type": [
          "crowdfund",
          "reward"
        ],
        "object_id": "2",
        "object_repr": "Influencers",
        "action_flag": 1,
        "change_message": "[{\"added\": {}}]"
      }
    },
    {
      "model": "admin.logentry",
      "pk": 3,
      "fields": {
        "action_time": "2020-10-08T18:56:45.169Z",
        "user": [
          "seyi"
        ],
        "content_type": [
          "crowdfund",
          "order"
        ],
        "object_id": "3",
        "object_repr": "Habeeb Oluwaseyi Bello",
        "action_flag": 3,
        "change_message": ""
      }
    },
    {
      "model": "admin.logentry",
      "pk": 4,
      "fields": {
        "action_time": "2020-10-08T18:56:45.344Z",
        "user": [
          "seyi"
        ],
        "content_type": [
          "crowdfund",
          "order"
        ],
        "object_id": "2",
        "object_repr": "Mercy Chukwu",
        "action_flag": 3,
        "change_message": ""
      }
    },
    {
      "model": "admin.logentry",
      "pk": 5,
      "fields": {
        "action_time": "2020-10-08T18:56:45.500Z",
        "user": [
          "seyi"
        ],
        "content_type": [
          "crowdfund",
          "order"
        ],
        "object_id": "1",
        "object_repr": "Seyi Pythonian",
        "action_flag": 3,
        "change_message": ""
      }
    },
    {
      "model": "admin.logentry",
      "pk": 6,
      "fields": {
        "action_time": "2020-10-08T21:57:37.252Z",
        "user": [
          "seyi"
        ],
        "content_type": [
          "crowdfund",
          "reward"
        ],
        "object_id": "2",
        "object_repr": "Influencers",
        "action_flag": 2,
        "change_message": "[{\"added\": {\"name\": \"perk\", \"object\": \"A digital copy of the Book\"}}, {\"added\": {\"name\": \"perk\", \"object\": \"2 Trade paperback author-signed copy of the Book\"}}]"
      }
    },
    {
      "model": "admin.logentry",
      "pk": 7,
      "fields": {
        "action_time": "2020-10-08T21:57:54.245Z",
        "user": [
          "seyi"
        ],
        "content_type": [
          "crowdfund",
          "reward"
        ],
        "object_id": "1",
        "object_repr": "Top Fans",
        "action_flag": 2,
        "change_message": "[{\"added\": {\"name\": \"perk\", \"object\": \"A digital copy of the Book\"}}]"
      }
    },
    {
      "model": "admin.logentry",
      "pk": 8,
      "fields": {
        "action_time": "2020-10-08T22:03:43.914Z",
        "user": [
          "seyi"
        ],
        "content_type": [
          "crowdfund",
          "reward"
        ],
        "object_id": "1",
        "object_repr": "Top Fans",
        "action_flag": 2,
        "change_message": "[{\"changed\": {\"name\": \"perk\", \"object\": \"Thank you Email with a digital copy of the Book\", \"fields\": [\"Description\"]}}]"
      }
    },
    {
      "model": "admin.logentry",
      "pk": 9,
      "fields": {
        "action_time": "2020-10-08T22:04:48.914Z",
        "user": [
          "seyi"
        ],
        "content_type": [
          "crowdfund",
          "reward"
        ],
        "object_id": "3",
        "object_repr": "Pilots",
        "action_flag": 1,
        "change_message": "[{\"added\": {}}, {\"added\": {\"name\": \"perk\", \"object\": \"A digital copy of the Book\"}}, {\"added\": {\"name\": \"perk\", \"object\": \"Trade paperback author-signed copy of the book\"}}]"
      }
    },
    {
      "model": "admin.logentry",
      "pk": 10,
      "fields": {
        "action_time": "2020-10-08T22:05:28.250Z",
        "user": [
          "seyi"
        ],
        "content_type": [
          "crowdfund",
          "reward"
        ],
        "object_id": "2",
        "object_repr": "Influencers",
        "action_flag": 2,
        "change_message": "[{\"changed\": {\"fields\": [\"Amount\"]}}]"
      }
    },
    {
      "model": "admin.logentry",
      "pk": 11,
      "fields": {
        "action_time": "2020-10-08T22:06:01.419Z",
        "user": [
          "seyi"
        ],
        "content_type": [
          "crowdfund",
          "reward"
        ],
        "object_id": "4",
        "object_repr": "Gems",
        "action_flag": 1,
        "change_message": "[{\"added\": {}}, {\"added\": {\"name\": \"perk\", \"object\": \"A digital copy of the Book\"}}, {\"added\": {\"name\": \"perk\", \"object\": \"2 Trade paperback author-signed copy of the Book\"}}, {\"added\": {\"name\": \"perk\", \"object\": \"1 copy of The \\\"OBAMA\\\" in You! Book. (Nigerian backers only)\"}}]"
      }
    },
    {
      "model": "admin.logentry",
      "pk": 12,
      "fields": {
        "action_time": "2020-10-08T22:08:44.404Z",
        "user": [
          "seyi"
        ],
        "content_type": [
          "crowdfund",
          "order"
        ],
        "object_id": "6",
        "object_repr": "Mercy Chukwu",
        "action_flag": 3,
        "change_message": ""
      }
    },
    {
      "model": "admin.logentry",
      "pk": 13,
      "fields": {
        "action_time": "2020-10-08T22:08:44.541Z",
        "user": [
          "seyi"
        ],
        "content_type": [
          "crowdfund",
          "order"
        ],
        "object_id": "5",
        "object_repr": "Seyi Pythonian",
        "action_flag": 3,
        "change_message": ""
      }
    },
    {
      "model": "admin.logentry",
      "pk": 14,
      "fields": {
        "action_time": "2020-10-08T22:08:44.681Z",
        "user": [
          "seyi"
        ],
        "content_type": [
          "crowdfund",
          "order"
        ],
        "object_id": "4",
        "object_repr": "Austa Amaka",
        "action_flag": 3,
        "change_message": ""
      }
    },
    {
      "model": "admin.logentry",
      "pk": 15,
      "fields": {
        "action_time": "2020-10-11T13:31:55.215Z",
        "user": [
          "seyi"
        ],
        "content_type": [
          "crowdfund",
          "reward"
        ],
        "object_id": "5",
        "object_repr": "Propellers",
        "action_flag": 1,
        "change_message": "[{\"added\": {}}, {\"added\": {\"name\": \"perk\", \"object\": \"Audiobook\"}}, {\"added\": {\"name\": \"perk\", \"object\": \"A digital copy of the Book\"}}, {\"added\": {\"name\": \"perk\", \"object\": \"1 Trade paperback author-signed copy of the book\"}}, {\"added\": {\"name\": \"perk\", \"object\": \"1 copy of The \\u201cOBAMA\\u201d in You! (Nigerian backers only).\"}}]"
      }
    },
    {
      "model": "admin.logentry",
      "pk": 16,
      "fields": {
        "action_time": "2020-10-11T13:33:56.635Z",
        "user": [
          "seyi"
        ],
        "content_type": [
          "crowdfund",
          "reward"
        ],
        "object_id": "6",
        "object_repr": "Superheroes",
        "action_flag": 1,
        "change_message": "[{\"added\": {}}, {\"added\": {\"name\": \"perk\", \"object\": \"Acknowledgement in the book\"}}, {\"added\": {\"name\": \"perk\", \"object\": \"Digital copy\"}}, {\"added\": {\"name\": \"perk\", \"object\": \"Audiobook\"}}, {\"added\": {\"name\": \"perk\", \"object\": \"4 copies of the book\"}}, {\"added\": {\"name\": \"perk\", \"object\": \"Two T-shirts\"}}, {\"added\": {\"name\": \"perk\", \"object\": \"2 copies of The \\u201cOBAMA\\u201d in You!\"}}, {\"added\": {\"name\": \"perk\", \"object\": \"30 secs voiceover and promotional video\"}}, {\"added\": {\"name\": \"perk\", \"object\": \"Help set up your personal website (excluding domain name and hosting) or company website\"}}, {\"added\": {\"name\": \"perk\", \"object\": \"Book consultancy\\u2014(everything you need to know about writing and publishing your book)\"}}]"
      }
    },
    {
      "model": "admin.logentry",
      "pk": 17,
      "fields": {
        "action_time": "2020-10-11T13:35:00.749Z",
        "user": [
          "seyi"
        ],
        "content_type": [
          "crowdfund",
          "reward"
        ],
        "object_id": "2",
        "object_repr": "Influencers",
        "action_flag": 2,
        "change_message": "[{\"added\": {\"name\": \"perk\", \"object\": \"2 copies of the book\"}}, {\"added\": {\"name\": \"perk\", \"object\": \"One Tshirt or hoodie and one face mask\"}}, {\"added\": {\"name\": \"perk\", \"object\": \"1 copy of The \\u201cOBAMA\\u201d in You!\"}}, {\"added\": {\"name\": \"perk\", \"object\": \"30 secs voiceover and promotional video or help set up your personal website (excluding domain name and hosting).\"}}, {\"changed\": {\"name\": \"perk\", \"object\": \"Audiobook\", \"fields\": [\"Description\"]}}]"
      }
    },
    {
      "model": "admin.logentry",
      "pk": 18,
      "fields": {
        "action_time": "2020-10-11T13:40:15.507Z",
        "user": [
          "seyi"
        ],
        "content_type": [
          "crowdfund",
          "reward"
        ],
        "object_id": "7",
        "object_repr": "Angels",
        "action_flag": 1,
        "change_message": "[{\"added\": {}}, {\"added\": {\"name\": \"perk\", \"object\": \"Acknowledgement in the book\"}}, {\"added\": {\"name\": \"perk\", \"object\": \"Digital copy\"}}, {\"added\": {\"name\": \"perk\", \"object\": \"Audiobook\"}}, {\"added\": {\"name\": \"perk\", \"object\": \"10 copies of the book\"}}, {\"added\": {\"name\": \"perk\", \"object\": \"Two T-shirts and two face masks\"}}, {\"added\": {\"name\": \"perk\", \"object\": \"2 copies of The \\u201cOBAMA\\u201d in You!\"}}, {\"added\": {\"name\": \"perk\", \"object\": \"2 minutes voiceover and promotional video\"}}, {\"added\": {\"name\": \"perk\", \"object\": \"Help set up your personal website (excluding domain name and hosting fees) or company website\"}}, {\"added\": {\"name\": \"perk\", \"object\": \"Book consultancy\\u2014(everything you need to know about writing your book + Free proof checking)\"}}, {\"added\": {\"name\": \"perk\", \"object\": \"Basic Ecommerce website\"}}]"
      }
    },
    {
      "model": "admin.logentry",
      "pk": 19,
      "fields": {
        "action_time": "2020-10-11T13:42:06.373Z",
        "user": [
          "seyi"
        ],
        "content_type": [
          "crowdfund",
          "reward"
        ],
        "object_id": "8",
        "object_repr": "Legends",
        "action_flag": 1,
        "change_message": "[{\"added\": {}}, {\"added\": {\"name\": \"perk\", \"object\": \"Acknowledgement in the book\"}}, {\"added\": {\"name\": \"perk\", \"object\": \"Digital copy + Audio book\"}}, {\"added\": {\"name\": \"perk\", \"object\": \"20 copies of the book\"}}, {\"added\": {\"name\": \"perk\", \"object\": \"Five T-shirts\"}}, {\"added\": {\"name\": \"perk\", \"object\": \"10 copies of The \\u201cOBAMA\\u201d in You!\"}}, {\"added\": {\"name\": \"perk\", \"object\": \"30 minutes of voiceover and promotional videos.\"}}, {\"added\": {\"name\": \"perk\", \"object\": \"Help set up your personal website (including domain name and hosting fees for a year) or company website\"}}, {\"added\": {\"name\": \"perk\", \"object\": \"Full Book Services\\u2014(everything you need to know about writing your book + Free editing and proof checking)\"}}, {\"added\": {\"name\": \"perk\", \"object\": \"Ecommerce website\"}}]"
      }
    },
    {
      "model": "admin.logentry",
      "pk": 20,
      "fields": {
        "action_time": "2020-10-11T13:43:38.252Z",
        "user": [
          "seyi"
        ],
        "content_type": [
          "crowdfund",
          "reward"
        ],
        "object_id": "9",
        "object_repr": "Hall of Famers (Exclusive)",
        "action_flag": 1,
        "change_message": "[{\"added\": {}}, {\"added\": {\"name\": \"perk\", \"object\": \"Acknowledgement in the book\"}}, {\"added\": {\"name\": \"perk\", \"object\": \"Digital copy + Audio book\"}}, {\"added\": {\"name\": \"perk\", \"object\": \"40 copies of the book\"}}, {\"added\": {\"name\": \"perk\", \"object\": \"10 T-shirts or hoodie or Mugs\"}}, {\"added\": {\"name\": \"perk\", \"object\": \"20 copies of The \\u201cOBAMA\\u201d in You!\"}}, {\"added\": {\"name\": \"perk\", \"object\": \"1-hour voiceover and promotional video\"}}, {\"added\": {\"name\": \"perk\", \"object\": \"Help set up your personal website (or company website ( including domain name and hosting fees for one year)\"}}, {\"added\": {\"name\": \"perk\", \"object\": \"Full Book Services\\u2014(everything you need to know about writing your book + Free editing and proof checking)\"}}]"
      }
    },
    {
      "model": "admin.logentry",
      "pk": 21,
      "fields": {
        "action_time": "2020-10-21T21:43:09.472Z",
        "user": [
          "seyi"
        ],
        "content_type": [
          "crowdfund",
          "frequentlyaskedquestion"
        ],
        "object_id": "1",
        "object_repr": "WHEN WILL I RECEIVE MY BOOK?",
        "action_flag": 1,
        "change_message": "[{\"added\": {}}, {\"added\": {\"name\": \"frequently asked question description\", \"object\": \"FrequentlyAskedQuestionDescription object (1)\"}}]"
      }
    },
    {
      "model": "admin.logentry",
      "pk": 22,
      "fields": {
        "action_time": "2020-10-22T19:45:35.366Z",
        "user": [
          "seyi"
        ],
        "content_type": [
          "crowdfund",
          "frequentlyaskedquestion"
        ],
        "object_id": "2",
        "object_repr": "How About The Perks?",
        "action_flag": 1,
        "change_message": "[{\"added\": {}}, {\"added\": {\"name\": \"frequently asked question description\", \"object\": \"FrequentlyAskedQuestionDescription object (2)\"}}]"
      }
    },
    {
      "model": "admin.logentry",
      "pk": 23,
      "fields": {
        "action_time": "2020-10-22T19:46:17.373Z",
        "user": [
          "seyi"
        ],
        "content_type": [
          "crowdfund",
          "frequentlyaskedquestion"
        ],
        "object_id": "3",
        "object_repr": "Can I Get A Refund?",
        "action_flag": 1,
        "change_message": "[{\"added\": {}}, {\"added\": {\"name\": \"frequently asked question description\", \"object\": \"FrequentlyAskedQuestionDescription object (3)\"}}]"
      }
    },
    {
      "model": "admin.logentry",
      "pk": 24,
      "fields": {
        "action_time": "2020-10-22T19:46:43.906Z",
        "user": [
          "seyi"
        ],
        "content_type": [
          "crowdfund",
          "frequentlyaskedquestion"
        ],
        "object_id": "4",
        "object_repr": "Are My Details Secured With You?",
        "action_flag": 1,
        "change_message": "[{\"added\": {}}, {\"added\": {\"name\": \"frequently asked question description\", \"object\": \"FrequentlyAskedQuestionDescription object (4)\"}}]"
      }
    },
    {
      "model": "admin.logentry",
      "pk": 25,
      "fields": {
        "action_time": "2020-10-22T19:47:04.005Z",
        "user": [
          "seyi"
        ],
        "content_type": [
          "crowdfund",
          "frequentlyaskedquestion"
        ],
        "object_id": "1",
        "object_repr": "When Will I Receive My Book?",
        "action_flag": 2,
        "change_message": "[{\"changed\": {\"fields\": [\"Title\"]}}]"
      }
    },
    {
      "model": "admin.logentry",
      "pk": 26,
      "fields": {
        "action_time": "2020-10-23T21:43:20.849Z",
        "user": [
          "seyi"
        ],
        "content_type": [
          "crowdfund",
          "section"
        ],
        "object_id": "1",
        "object_repr": "WHY ARE WE DOING THIS?",
        "action_flag": 1,
        "change_message": "[{\"added\": {}}]"
      }
    },
    {
      "model": "admin.logentry",
      "pk": 27,
      "fields": {
        "action_time": "2020-10-23T21:43:48.489Z",
        "user": [
          "seyi"
        ],
        "content_type": [
          "crowdfund",
          "section"
        ],
        "object_id": "2",
        "object_repr": "WHAT’S IN IT FOR ME?",
        "action_flag": 1,
        "change_message": "[{\"added\": {}}]"
      }
    },
    {
      "model": "admin.logentry",
      "pk": 28,
      "fields": {
        "action_time": "2020-10-23T21:44:20.847Z",
        "user": [
          "seyi"
        ],
        "content_type": [
          "crowdfund",
          "section"
        ],
        "object_id": "3",
        "object_repr": "WHY YOU SHOULD TRUST THIS CAMPAIGN",
        "action_flag": 1,
        "change_message": "[{\"added\": {}}]"
      }
    },
    {
      "model": "admin.logentry",
      "pk": 29,
      "fields": {
        "action_time": "2020-10-23T21:52:27.855Z",
        "user": [
          "seyi"
        ],
        "content_type": [
          "crowdfund",
          "section"
        ],
        "object_id": "4",
        "object_repr": "ABOUT THE AUTHOR",
        "action_flag": 1,
        "change_message": "[{\"added\": {}}]"
      }
    },
    {
      "model": "admin.logentry",
      "pk": 30,
      "fields": {
        "action_time": "2020-10-23T22:00:25.313Z",
        "user": [
          "seyi"
        ],
        "content_type": [
          "crowdfund",
          "section"
        ],
        "object_id": "4",
        "object_repr": "ABOUT THE AUTHOR",
        "action_flag": 2,
        "change_message": "[{\"changed\": {\"fields\": [\"Image\"]}}]"
      }
    },
    {
      "model": "admin.logentry",
      "pk": 31,
      "fields": {
        "action_time": "2020-10-24T09:05:03.553Z",
        "user": [
          "seyi"
        ],
        "content_type": [
          "crowdfund",
          "gallery"
        ],
        "object_id": "1",
        "object_repr": "Photo description is cool",
        "action_flag": 1,
        "change_message": "[{\"added\": {}}]"
      }
    },
    {
      "model": "admin.logentry",
      "pk": 32,
      "fields": {
        "action_time": "2020-10-24T10:24:12.007Z",
        "user": [
          "seyi"
        ],
        "content_type": [
          "crowdfund",
          "gallery"
        ],
        "object_id": "1",
        "object_repr": "",
        "action_flag": 2,
        "change_message": "[{\"changed\": {\"fields\": [\"Caption\"]}}]"
      }
    },
    {
      "model": "admin.logentry",
      "pk": 33,
      "fields": {
        "action_time": "2020-10-24T10:24:27.861Z",
        "user": [
          "seyi"
        ],
        "content_type": [
          "crowdfund",
          "gallery"
        ],
        "object_id": "1",
        "object_repr": "Photo description is cool",
        "action_flag": 2,
        "change_message": "[{\"changed\": {\"fields\": [\"Title\", \"Caption\"]}}]"
      }
    },
    {
      "model": "admin.logentry",
      "pk": 34,
      "fields": {
        "action_time": "2020-10-24T10:27:33.572Z",
        "user": [
          "seyi"
        ],
        "content_type": [
          "crowdfund",
          "gallery"
        ],
        "object_id": "1",
        "object_repr": "Photo description is cool",
        "action_flag": 3,
        "change_message": ""
      }
    },
    {
      "model": "admin.logentry",
      "pk": 35,
      "fields": {
        "action_time": "2020-11-10T13:56:56.030Z",
        "user": [
          "seyi"
        ],
        "content_type": [
          "crowdfund",
          "gallery"
        ],
        "object_id": "2",
        "object_repr": "Signing autographs during the launch of my first book",
        "action_flag": 1,
        "change_message": "[{\"added\": {}}]"
      }
    },
    {
      "model": "admin.logentry",
      "pk": 36,
      "fields": {
        "action_time": "2020-11-10T14:00:21.030Z",
        "user": [
          "seyi"
        ],
        "content_type": [
          "crowdfund",
          "gallery"
        ],
        "object_id": "3",
        "object_repr": "",
        "action_flag": 1,
        "change_message": "[{\"added\": {}}]"
      }
    },
    {
      "model": "admin.logentry",
      "pk": 37,
      "fields": {
        "action_time": "2020-11-10T14:01:53.155Z",
        "user": [
          "seyi"
        ],
        "content_type": [
          "crowdfund",
          "gallery"
        ],
        "object_id": "4",
        "object_repr": "Unveiling my \"first baby\" to the world at the Nigerian Institute of International Affairs",
        "action_flag": 1,
        "change_message": "[{\"added\": {}}]"
      }
    },
    {
      "model": "admin.logentry",
      "pk": 38,
      "fields": {
        "action_time": "2020-11-10T14:04:59.181Z",
        "user": [
          "seyi"
        ],
        "content_type": [
          "crowdfund",
          "gallery"
        ],
        "object_id": "3",
        "object_repr": "",
        "action_flag": 3,
        "change_message": ""
      }
    },
    {
      "model": "admin.logentry",
      "pk": 39,
      "fields": {
        "action_time": "2020-11-10T14:09:08.893Z",
        "user": [
          "seyi"
        ],
        "content_type": [
          "crowdfund",
          "gallery"
        ],
        "object_id": "5",
        "object_repr": "Believe your own rhetoric",
        "action_flag": 1,
        "change_message": "[{\"added\": {}}]"
      }
    },
    {
      "model": "admin.logentry",
      "pk": 40,
      "fields": {
        "action_time": "2020-11-10T14:20:00.534Z",
        "user": [
          "seyi"
        ],
        "content_type": [
          "crowdfund",
          "gallery"
        ],
        "object_id": "6",
        "object_repr": "We got endorsed by DHL, Tonye Cole and a few others. That was good!",
        "action_flag": 1,
        "change_message": "[{\"added\": {}}]"
      }
    },
    {
      "model": "admin.logentry",
      "pk": 41,
      "fields": {
        "action_time": "2020-11-10T14:21:24.357Z",
        "user": [
          "seyi"
        ],
        "content_type": [
          "crowdfund",
          "gallery"
        ],
        "object_id": "6",
        "object_repr": "We got endorsed by DHL, Tonye Cole of Sahara Energy and a few others. That was good!",
        "action_flag": 2,
        "change_message": "[{\"changed\": {\"fields\": [\"Caption\"]}}]"
      }
    },
    {
      "model": "admin.logentry",
      "pk": 42,
      "fields": {
        "action_time": "2020-11-10T14:26:17.225Z",
        "user": [
          "seyi"
        ],
        "content_type": [
          "crowdfund",
          "gallery"
        ],
        "object_id": "7",
        "object_repr": "See, we got a few close friends around as well!",
        "action_flag": 1,
        "change_message": "[{\"added\": {}}]"
      }
    },
    {
      "model": "admin.logentry",
      "pk": 43,
      "fields": {
        "action_time": "2020-11-10T14:30:30.535Z",
        "user": [
          "seyi"
        ],
        "content_type": [
          "crowdfund",
          "gallery"
        ],
        "object_id": "8",
        "object_repr": "We also got a massive support! The biggest I've ever seen (In Trump's voice)! Haha",
        "action_flag": 1,
        "change_message": "[{\"added\": {}}]"
      }
    },
    {
      "model": "admin.logentry",
      "pk": 44,
      "fields": {
        "action_time": "2020-11-10T14:54:03.761Z",
        "user": [
          "seyi"
        ],
        "content_type": [
          "crowdfund",
          "gallery"
        ],
        "object_id": "9",
        "object_repr": "Write something worth reading or do something worth writing",
        "action_flag": 1,
        "change_message": "[{\"added\": {}}]"
      }
    },
    {
      "model": "admin.logentry",
      "pk": 45,
      "fields": {
        "action_time": "2020-11-10T15:08:32.666Z",
        "user": [
          "seyi"
        ],
        "content_type": [
          "crowdfund",
          "gallery"
        ],
        "object_id": "10",
        "object_repr": "You're the average of five people you walk with. Here's my super five!",
        "action_flag": 1,
        "change_message": "[{\"added\": {}}]"
      }
    },
    {
      "model": "admin.logentry",
      "pk": 46,
      "fields": {
        "action_time": "2020-11-10T15:56:42.500Z",
        "user": [
          "seyi"
        ],
        "content_type": [
          "crowdfund",
          "gallery"
        ],
        "object_id": "11",
        "object_repr": "Sign up to our campaign today!",
        "action_flag": 1,
        "change_message": "[{\"added\": {}}]"
      }
    },
    {
      "model": "admin.logentry",
      "pk": 47,
      "fields": {
        "action_time": "2020-11-10T15:57:23.183Z",
        "user": [
          "seyi"
        ],
        "content_type": [
          "crowdfund",
          "gallery"
        ],
        "object_id": "10",
        "object_repr": "You're the average of the five people you walk with. Here's my super five!",
        "action_flag": 2,
        "change_message": "[{\"changed\": {\"fields\": [\"Caption\"]}}]"
      }
    },
    {
      "model": "admin.logentry",
      "pk": 48,
      "fields": {
        "action_time": "2020-11-15T11:08:03.116Z",
        "user": [
          "seyi"
        ],
        "content_type": [
          "crowdfund",
          "section"
        ],
        "object_id": "1",
        "object_repr": "WHY ARE WE DOING THIS?",
        "action_flag": 2,
        "change_message": "[{\"changed\": {\"fields\": [\"Content\"]}}]"
      }
    },
    {
      "model": "admin.logentry",
      "pk": 49,
      "fields": {
        "action_time": "2020-11-15T11:11:37.970Z",
        "user": [
          "seyi"
        ],
        "content_type": [
          "crowdfund",
          "reward"
        ],
        "object_id": "10",
        "object_repr": "A Dollar Reward",
        "action_flag": 1,
        "change_message": "[{\"added\": {}}, {\"added\": {\"name\": \"perk\", \"object\": \"A big thank you.\"}}]"
      }
    },
    {
      "model": "admin.logentry",
      "pk": 50,
      "fields": {
        "action_time": "2020-11-15T11:37:43.353Z",
        "user": [
          "seyi"
        ],
        "content_type": [
          "crowdfund",
          "frequentlyaskedquestion"
        ],
        "object_id": "1",
        "object_repr": "When Will I Receive My Book?",
        "action_flag": 2,
        "change_message": "[{\"changed\": {\"name\": \"frequently asked question description\", \"object\": \"FrequentlyAskedQuestionDescription object (1)\", \"fields\": [\"Description\"]}}]"
      }
    },
    {
      "model": "admin.logentry",
      "pk": 51,
      "fields": {
        "action_time": "2020-11-15T11:38:21.813Z",
        "user": [
          "seyi"
        ],
        "content_type": [
          "crowdfund",
          "frequentlyaskedquestion"
        ],
        "object_id": "4",
        "object_repr": "Are My Details Secured With You?",
        "action_flag": 2,
        "change_message": "[{\"changed\": {\"name\": \"frequently asked question description\", \"object\": \"FrequentlyAskedQuestionDescription object (4)\", \"fields\": [\"Description\"]}}]"
      }
    },
    {
      "model": "admin.logentry",
      "pk": 52,
      "fields": {
        "action_time": "2020-11-15T12:56:40.106Z",
        "user": [
          "seyi"
        ],
        "content_type": [
          "crowdfund",
          "section"
        ],
        "object_id": "1",
        "object_repr": "WHY ARE WE DOING THIS?",
        "action_flag": 2,
        "change_message": "[{\"changed\": {\"fields\": [\"Content\"]}}]"
      }
    },
    {
      "model": "admin.logentry",
      "pk": 53,
      "fields": {
        "action_time": "2020-11-16T05:34:03.779Z",
        "user": [
          "seyi"
        ],
        "content_type": [
          "crowdfund",
          "section"
        ],
        "object_id": "1",
        "object_repr": "WHY ARE WE DOING THIS?",
        "action_flag": 2,
        "change_message": "[{\"changed\": {\"fields\": [\"Content\"]}}]"
      }
    },
    {
      "model": "admin.logentry",
      "pk": 54,
      "fields": {
        "action_time": "2020-11-16T05:42:05.029Z",
        "user": [
          "seyi"
        ],
        "content_type": [
          "crowdfund",
          "section"
        ],
        "object_id": "3",
        "object_repr": "WHY YOU SHOULD TRUST THIS CAMPAIGN",
        "action_flag": 2,
        "change_message": "[{\"changed\": {\"fields\": [\"Content\"]}}]"
      }
    },
    {
      "model": "admin.logentry",
      "pk": 55,
      "fields": {
        "action_time": "2020-11-16T05:54:23.290Z",
        "user": [
          "seyi"
        ],
        "content_type": [
          "crowdfund",
          "section"
        ],
        "object_id": "4",
        "object_repr": "ABOUT THE AUTHOR",
        "action_flag": 2,
        "change_message": "[{\"changed\": {\"fields\": [\"Content\"]}}]"
      }
    },
    {
      "model": "admin.logentry",
      "pk": 56,
      "fields": {
        "action_time": "2020-11-16T05:54:57.269Z",
        "user": [
          "seyi"
        ],
        "content_type": [
          "crowdfund",
          "section"
        ],
        "object_id": "4",
        "object_repr": "About The Author",
        "action_flag": 2,
        "change_message": "[{\"changed\": {\"fields\": [\"Title\"]}}]"
      }
    },
    {
      "model": "admin.logentry",
      "pk": 57,
      "fields": {
        "action_time": "2020-11-16T05:55:26.775Z",
        "user": [
          "seyi"
        ],
        "content_type": [
          "crowdfund",
          "section"
        ],
        "object_id": "3",
        "object_repr": "Why You Should Trust This Campaign",
        "action_flag": 2,
        "change_message": "[{\"changed\": {\"fields\": [\"Title\"]}}]"
      }
    },
    {
      "model": "admin.logentry",
      "pk": 58,
      "fields": {
        "action_time": "2020-11-16T05:56:01.461Z",
        "user": [
          "seyi"
        ],
        "content_type": [
          "crowdfund",
          "section"
        ],
        "object_id": "2",
        "object_repr": "What's In It For Me?",
        "action_flag": 2,
        "change_message": "[{\"changed\": {\"fields\": [\"Title\"]}}]"
      }
    },
    {
      "model": "admin.logentry",
      "pk": 59,
      "fields": {
        "action_time": "2020-11-16T05:56:30.942Z",
        "user": [
          "seyi"
        ],
        "content_type": [
          "crowdfund",
          "section"
        ],
        "object_id": "1",
        "object_repr": "Why Are We Doing This?",
        "action_flag": 2,
        "change_message": "[{\"changed\": {\"fields\": [\"Title\"]}}]"
      }
    },
    {
      "model": "admin.logentry",
      "pk": 60,
      "fields": {
        "action_time": "2020-11-16T06:02:17.356Z",
        "user": [
          "seyi"
        ],
        "content_type": [
          "crowdfund",
          "frequentlyaskedquestion"
        ],
        "object_id": "1",
        "object_repr": "When Will I Receive My Book?",
        "action_flag": 2,
        "change_message": "[{\"changed\": {\"name\": \"frequently asked question description\", \"object\": \"FrequentlyAskedQuestionDescription object (1)\", \"fields\": [\"Description\"]}}]"
      }
    },
    {
      "model": "admin.logentry",
      "pk": 61,
      "fields": {
        "action_time": "2020-11-16T06:07:49.374Z",
        "user": [
          "seyi"
        ],
        "content_type": [
          "crowdfund",
          "section"
        ],
        "object_id": "1",
        "object_repr": "Why Are We Doing This?",
        "action_flag": 2,
        "change_message": "[{\"changed\": {\"fields\": [\"Content\"]}}]"
      }
    },
    {
      "model": "admin.logentry",
      "pk": 62,
      "fields": {
        "action_time": "2020-11-16T06:54:10.679Z",
        "user": [
          "seyi"
        ],
        "content_type": [
          "crowdfund",
          "order"
        ],
        "object_id": "30",
        "object_repr": "Austa",
        "action_flag": 3,
        "change_message": ""
      }
    },
    {
      "model": "admin.logentry",
      "pk": 63,
      "fields": {
        "action_time": "2020-11-16T06:54:10.754Z",
        "user": [
          "seyi"
        ],
        "content_type": [
          "crowdfund",
          "order"
        ],
        "object_id": "29",
        "object_repr": "Lolade",
        "action_flag": 3,
        "change_message": ""
      }
    },
    {
      "model": "admin.logentry",
      "pk": 64,
      "fields": {
        "action_time": "2020-11-16T06:54:10.817Z",
        "user": [
          "seyi"
        ],
        "content_type": [
          "crowdfund",
          "order"
        ],
        "object_id": "28",
        "object_repr": "Austa",
        "action_flag": 3,
        "change_message": ""
      }
    },
    {
      "model": "admin.logentry",
      "pk": 65,
      "fields": {
        "action_time": "2020-11-16T06:54:10.890Z",
        "user": [
          "seyi"
        ],
        "content_type": [
          "crowdfund",
          "order"
        ],
        "object_id": "27",
        "object_repr": "Lolade",
        "action_flag": 3,
        "change_message": ""
      }
    },
    {
      "model": "admin.logentry",
      "pk": 66,
      "fields": {
        "action_time": "2020-11-16T06:54:10.962Z",
        "user": [
          "seyi"
        ],
        "content_type": [
          "crowdfund",
          "order"
        ],
        "object_id": "26",
        "object_repr": "Austa",
        "action_flag": 3,
        "change_message": ""
      }
    },
    {
      "model": "admin.logentry",
      "pk": 67,
      "fields": {
        "action_time": "2020-11-16T06:54:11.038Z",
        "user": [
          "seyi"
        ],
        "content_type": [
          "crowdfund",
          "order"
        ],
        "object_id": "25",
        "object_repr": "Lolade",
        "action_flag": 3,
        "change_message": ""
      }
    },
    {
      "model": "admin.logentry",
      "pk": 68,
      "fields": {
        "action_time": "2020-11-16T06:54:11.110Z",
        "user": [
          "seyi"
        ],
        "content_type": [
          "crowdfund",
          "order"
        ],
        "object_id": "24",
        "object_repr": "Mercy",
        "action_flag": 3,
        "change_message": ""
      }
    },
    {
      "model": "admin.logentry",
      "pk": 69,
      "fields": {
        "action_time": "2020-11-16T06:54:11.182Z",
        "user": [
          "seyi"
        ],
        "content_type": [
          "crowdfund",
          "order"
        ],
        "object_id": "23",
        "object_repr": "Opeyemi",
        "action_flag": 3,
        "change_message": ""
      }
    },
    {
      "model": "admin.logentry",
      "pk": 70,
      "fields": {
        "action_time": "2020-11-16T06:54:11.250Z",
        "user": [
          "seyi"
        ],
        "content_type": [
          "crowdfund",
          "order"
        ],
        "object_id": "22",
        "object_repr": "Opeyemi Philips",
        "action_flag": 3,
        "change_message": ""
      }
    },
    {
      "model": "admin.logentry",
      "pk": 71,
      "fields": {
        "action_time": "2020-11-16T06:54:11.324Z",
        "user": [
          "seyi"
        ],
        "content_type": [
          "crowdfund",
          "order"
        ],
        "object_id": "21",
        "object_repr": "Mercy Chukwu",
        "action_flag": 3,
        "change_message": ""
      }
    },
    {
      "model": "admin.logentry",
      "pk": 72,
      "fields": {
        "action_time": "2020-11-16T06:54:11.403Z",
        "user": [
          "seyi"
        ],
        "content_type": [
          "crowdfund",
          "order"
        ],
        "object_id": "20",
        "object_repr": "Lolade",
        "action_flag": 3,
        "change_message": ""
      }
    },
    {
      "model": "admin.logentry",
      "pk": 73,
      "fields": {
        "action_time": "2020-11-16T06:54:11.481Z",
        "user": [
          "seyi"
        ],
        "content_type": [
          "crowdfund",
          "order"
        ],
        "object_id": "19",
        "object_repr": "Lolade",
        "action_flag": 3,
        "change_message": ""
      }
    },
    {
      "model": "admin.logentry",
      "pk": 74,
      "fields": {
        "action_time": "2020-11-16T06:54:11.550Z",
        "user": [
          "seyi"
        ],
        "content_type": [
          "crowdfund",
          "order"
        ],
        "object_id": "18",
        "object_repr": "Austa",
        "action_flag": 3,
        "change_message": ""
      }
    },
    {
      "model": "admin.logentry",
      "pk": 75,
      "fields": {
        "action_time": "2020-11-16T06:54:11.635Z",
        "user": [
          "seyi"
        ],
        "content_type": [
          "crowdfund",
          "order"
        ],
        "object_id": "17",
        "object_repr": "Austa",
        "action_flag": 3,
        "change_message": ""
      }
    },
    {
      "model": "admin.logentry",
      "pk": 76,
      "fields": {
        "action_time": "2020-11-16T06:54:11.706Z",
        "user": [
          "seyi"
        ],
        "content_type": [
          "crowdfund",
          "order"
        ],
        "object_id": "16",
        "object_repr": "Austa",
        "action_flag": 3,
        "change_message": ""
      }
    },
    {
      "model": "admin.logentry",
      "pk": 77,
      "fields": {
        "action_time": "2020-11-16T06:54:11.777Z",
        "user": [
          "seyi"
        ],
        "content_type": [
          "crowdfund",
          "order"
        ],
        "object_id": "15",
        "object_repr": "Austa",
        "action_flag": 3,
        "change_message": ""
      }
    },
    {
      "model": "admin.logentry",
      "pk": 78,
      "fields": {
        "action_time": "2020-11-16T06:54:11.858Z",
        "user": [
          "seyi"
        ],
        "content_type": [
          "crowdfund",
          "order"
        ],
        "object_id": "14",
        "object_repr": "Austa",
        "action_flag": 3,
        "change_message": ""
      }
    },
    {
      "model": "admin.logentry",
      "pk": 79,
      "fields": {
        "action_time": "2020-11-16T06:54:11.933Z",
        "user": [
          "seyi"
        ],
        "content_type": [
          "crowdfund",
          "order"
        ],
        "object_id": "13",
        "object_repr": "Austa",
        "action_flag": 3,
        "change_message": ""
      }
    },
    {
      "model": "admin.logentry",
      "pk": 80,
      "fields": {
        "action_time": "2020-11-16T06:54:12.018Z",
        "user": [
          "seyi"
        ],
        "content_type": [
          "crowdfund",
          "order"
        ],
        "object_id": "12",
        "object_repr": "Mercy Chukwu",
        "action_flag": 3,
        "change_message": ""
      }
    },
    {
      "model": "admin.logentry",
      "pk": 81,
      "fields": {
        "action_time": "2020-11-16T06:54:12.090Z",
        "user": [
          "seyi"
        ],
        "content_type": [
          "crowdfund",
          "order"
        ],
        "object_id": "11",
        "object_repr": "Mercy Chukwu",
        "action_flag": 3,
        "change_message": ""
      }
    },
    {
      "model": "admin.logentry",
      "pk": 82,
      "fields": {
        "action_time": "2020-11-16T06:54:12.162Z",
        "user": [
          "seyi"
        ],
        "content_type": [
          "crowdfund",
          "order"
        ],
        "object_id": "10",
        "object_repr": "Mercy Chukwu",
        "action_flag": 3,
        "change_message": ""
      }
    },
    {
      "model": "admin.logentry",
      "pk": 83,
      "fields": {
        "action_time": "2020-11-16T06:54:12.233Z",
        "user": [
          "seyi"
        ],
        "content_type": [
          "crowdfund",
          "order"
        ],
        "object_id": "9",
        "object_repr": "Seyi Pythonian",
        "action_flag": 3,
        "change_message": ""
      }
    },
    {
      "model": "admin.logentry",
      "pk": 84,
      "fields": {
        "action_time": "2020-11-16T06:54:12.302Z",
        "user": [
          "seyi"
        ],
        "content_type": [
          "crowdfund",
          "order"
        ],
        "object_id": "8",
        "object_repr": "Habeeb Oluwaseyi Bello",
        "action_flag": 3,
        "change_message": ""
      }
    },
    {
      "model": "admin.logentry",
      "pk": 85,
      "fields": {
        "action_time": "2020-11-16T06:54:12.386Z",
        "user": [
          "seyi"
        ],
        "content_type": [
          "crowdfund",
          "order"
        ],
        "object_id": "7",
        "object_repr": "Austa Amaka",
        "action_flag": 3,
        "change_message": ""
      }
    },
    {
      "model": "admin.logentry",
      "pk": 86,
      "fields": {
        "action_time": "2020-11-16T07:14:31.621Z",
        "user": [
          "seyi"
        ],
        "content_type": [
          "crowdfund",
          "order"
        ],
        "object_id": "31",
        "object_repr": "Seyi",
        "action_flag": 2,
        "change_message": "[{\"changed\": {\"fields\": [\"Paid\"]}}]"
      }
    },
    {
      "model": "admin.logentry",
      "pk": 87,
      "fields": {
        "action_time": "2020-11-16T07:15:27.782Z",
        "user": [
          "seyi"
        ],
        "content_type": [
          "crowdfund",
          "order"
        ],
        "object_id": "31",
        "object_repr": "Seyi",
        "action_flag": 2,
        "change_message": "[{\"changed\": {\"fields\": [\"Reward\", \"Paid\"]}}]"
      }
    },
    {
      "model": "admin.logentry",
      "pk": 88,
      "fields": {
        "action_time": "2020-11-16T07:15:45.254Z",
        "user": [
          "seyi"
        ],
        "content_type": [
          "crowdfund",
          "order"
        ],
        "object_id": "36",
        "object_repr": "Austa Amaka",
        "action_flag": 1,
        "change_message": "[{\"added\": {}}]"
      }
    },
    {
      "model": "admin.logentry",
      "pk": 89,
      "fields": {
        "action_time": "2020-11-16T07:16:26.598Z",
        "user": [
          "seyi"
        ],
        "content_type": [
          "crowdfund",
          "order"
        ],
        "object_id": "36",
        "object_repr": "Austa Amaka",
        "action_flag": 2,
        "change_message": "[{\"changed\": {\"fields\": [\"Reward\"]}}]"
      }
    },
    {
      "model": "admin.logentry",
      "pk": 90,
      "fields": {
        "action_time": "2020-11-16T07:16:38.400Z",
        "user": [
          "seyi"
        ],
        "content_type": [
          "crowdfund",
          "order"
        ],
        "object_id": "31",
        "object_repr": "Seyi",
        "action_flag": 2,
        "change_message": "[{\"changed\": {\"fields\": [\"Reward\"]}}]"
      }
    },
    {
      "model": "admin.logentry",
      "pk": 91,
      "fields": {
        "action_time": "2020-11-17T09:51:14.231Z",
        "user": [
          "seyi"
        ],
        "content_type": [
          "crowdfund",
          "order"
        ],
        "object_id": "39",
        "object_repr": "Lolade",
        "action_flag": 3,
        "change_message": ""
      }
    },
    {
      "model": "admin.logentry",
      "pk": 92,
      "fields": {
        "action_time": "2020-11-17T09:51:14.312Z",
        "user": [
          "seyi"
        ],
        "content_type": [
          "crowdfund",
          "order"
        ],
        "object_id": "37",
        "object_repr": "Opeyemi",
        "action_flag": 3,
        "change_message": ""
      }
    },
    {
      "model": "admin.logentry",
      "pk": 93,
      "fields": {
        "action_time": "2020-11-17T09:51:14.401Z",
        "user": [
          "seyi"
        ],
        "content_type": [
          "crowdfund",
          "order"
        ],
        "object_id": "35",
        "object_repr": "Eniola",
        "action_flag": 3,
        "change_message": ""
      }
    },
    {
      "model": "admin.logentry",
      "pk": 94,
      "fields": {
        "action_time": "2020-11-17T09:51:14.477Z",
        "user": [
          "seyi"
        ],
        "content_type": [
          "crowdfund",
          "order"
        ],
        "object_id": "34",
        "object_repr": "Opeyemi",
        "action_flag": 3,
        "change_message": ""
      }
    },
    {
      "model": "admin.logentry",
      "pk": 95,
      "fields": {
        "action_time": "2020-11-17T09:51:14.548Z",
        "user": [
          "seyi"
        ],
        "content_type": [
          "crowdfund",
          "order"
        ],
        "object_id": "33",
        "object_repr": "Opeyemi",
        "action_flag": 3,
        "change_message": ""
      }
    },
    {
      "model": "admin.logentry",
      "pk": 96,
      "fields": {
        "action_time": "2020-11-17T09:51:14.612Z",
        "user": [
          "seyi"
        ],
        "content_type": [
          "crowdfund",
          "order"
        ],
        "object_id": "32",
        "object_repr": "Opeyemi Philips",
        "action_flag": 3,
        "change_message": ""
      }
    },
    {
      "model": "admin.logentry",
      "pk": 97,
      "fields": {
        "action_time": "2020-11-17T09:53:15.930Z",
        "user": [
          "seyi"
        ],
        "content_type": [
          "crowdfund",
          "reward"
        ],
        "object_id": "10",
        "object_repr": "Ten Dollars Reward",
        "action_flag": 2,
        "change_message": "[{\"changed\": {\"fields\": [\"Name\", \"Amount\"]}}]"
      }
    },
    {
      "model": "admin.logentry",
      "pk": 98,
      "fields": {
        "action_time": "2020-11-17T11:33:44.345Z",
        "user": [
          "seyi"
        ],
        "content_type": [
          "crowdfund",
          "reward"
        ],
        "object_id": "10",
        "object_repr": "The Boosters",
        "action_flag": 2,
        "change_message": "[{\"changed\": {\"fields\": [\"Name\"]}}, {\"changed\": {\"name\": \"perk\", \"object\": \"A virtual Hug and A Thank you letter\", \"fields\": [\"Description\"]}}]"
      }
    },
    {
      "model": "admin.logentry",
      "pk": 99,
      "fields": {
        "action_time": "2020-11-17T18:36:20.150Z",
        "user": [
          "seyi"
        ],
        "content_type": [
          "crowdfund",
          "order"
        ],
        "object_id": "43",
        "object_repr": "Austa Amaka",
        "action_flag": 3,
        "change_message": ""
      }
    },
    {
      "model": "admin.logentry",
      "pk": 100,
      "fields": {
        "action_time": "2020-11-17T18:36:20.238Z",
        "user": [
          "seyi"
        ],
        "content_type": [
          "crowdfund",
          "order"
        ],
        "object_id": "41",
        "object_repr": "Austa Amaka",
        "action_flag": 3,
        "change_message": ""
      }
    },
    {
      "model": "admin.logentry",
      "pk": 101,
      "fields": {
        "action_time": "2020-11-17T18:49:53.569Z",
        "user": [
          "seyi"
        ],
        "content_type": [
          "crowdfund",
          "order"
        ],
        "object_id": "42",
        "object_repr": "Opeyemi Philips",
        "action_flag": 3,
        "change_message": ""
      }
    },
    {
      "model": "admin.logentry",
      "pk": 102,
      "fields": {
        "action_time": "2020-11-18T08:45:52.318Z",
        "user": [
          "seyi"
        ],
        "content_type": [
          "crowdfund",
          "reward"
        ],
        "object_id": "10",
        "object_repr": "The Boosters",
        "action_flag": 2,
        "change_message": "[{\"changed\": {\"fields\": [\"Amount\"]}}]"
      }
    },
    {
      "model": "admin.logentry",
      "pk": 103,
      "fields": {
        "action_time": "2020-11-18T08:47:34.889Z",
        "user": [
          "seyi"
        ],
        "content_type": [
          "crowdfund",
          "order"
        ],
        "object_id": "44",
        "object_repr": "Jubilee Christian Center",
        "action_flag": 1,
        "change_message": "[{\"added\": {}}]"
      }
    },
    {
      "model": "admin.logentry",
      "pk": 104,
      "fields": {
        "action_time": "2020-11-19T06:41:28.736Z",
        "user": [
          "seyi"
        ],
        "content_type": [
          "crowdfund",
          "order"
        ],
        "object_id": "51",
        "object_repr": "Seyi",
        "action_flag": 3,
        "change_message": ""
      }
    },
    {
      "model": "admin.logentry",
      "pk": 105,
      "fields": {
        "action_time": "2020-11-19T06:41:28.809Z",
        "user": [
          "seyi"
        ],
        "content_type": [
          "crowdfund",
          "order"
        ],
        "object_id": "50",
        "object_repr": "Habeeb Oluwaseyi Bello",
        "action_flag": 3,
        "change_message": ""
      }
    },
    {
      "model": "admin.logentry",
      "pk": 106,
      "fields": {
        "action_time": "2020-11-19T06:41:28.884Z",
        "user": [
          "seyi"
        ],
        "content_type": [
          "crowdfund",
          "order"
        ],
        "object_id": "49",
        "object_repr": "Seyi Pythonian",
        "action_flag": 3,
        "change_message": ""
      }
    },
    {
      "model": "admin.logentry",
      "pk": 107,
      "fields": {
        "action_time": "2020-11-19T06:41:28.954Z",
        "user": [
          "seyi"
        ],
        "content_type": [
          "crowdfund",
          "order"
        ],
        "object_id": "48",
        "object_repr": "Seyi Pythonian",
        "action_flag": 3,
        "change_message": ""
      }
    },
    {
      "model": "admin.logentry",
      "pk": 108,
      "fields": {
        "action_time": "2020-11-19T06:41:29.022Z",
        "user": [
          "seyi"
        ],
        "content_type": [
          "crowdfund",
          "order"
        ],
        "object_id": "47",
        "object_repr": "Seyi Pythonian",
        "action_flag": 3,
        "change_message": ""
      }
    },
    {
      "model": "admin.logentry",
      "pk": 109,
      "fields": {
        "action_time": "2020-11-19T06:41:29.094Z",
        "user": [
          "seyi"
        ],
        "content_type": [
          "crowdfund",
          "order"
        ],
        "object_id": "46",
        "object_repr": "Habeeb Oluwaseyi Bello",
        "action_flag": 3,
        "change_message": ""
      }
    },
    {
      "model": "admin.logentry",
      "pk": 110,
      "fields": {
        "action_time": "2020-11-19T06:41:40.674Z",
        "user": [
          "seyi"
        ],
        "content_type": [
          "crowdfund",
          "order"
        ],
        "object_id": "45",
        "object_repr": "Opeyemi Philips",
        "action_flag": 3,
        "change_message": ""
      }
    },
    {
      "model": "admin.logentry",
      "pk": 111,
      "fields": {
        "action_time": "2020-11-19T07:02:04.104Z",
        "user": [
          "seyi"
        ],
        "content_type": [
          "crowdfund",
          "order"
        ],
        "object_id": "52",
        "object_repr": "Seyi",
        "action_flag": 3,
        "change_message": ""
      }
    },
    {
      "model": "admin.logentry",
      "pk": 112,
      "fields": {
        "action_time": "2020-11-19T07:40:39.847Z",
        "user": [
          "seyi"
        ],
        "content_type": [
          "crowdfund",
          "order"
        ],
        "object_id": "56",
        "object_repr": "Seyi Bello",
        "action_flag": 2,
        "change_message": "[{\"changed\": {\"fields\": [\"Reward\", \"Paid\"]}}]"
      }
    },
    {
      "model": "admin.logentry",
      "pk": 113,
      "fields": {
        "action_time": "2020-11-19T07:40:59.178Z",
        "user": [
          "seyi"
        ],
        "content_type": [
          "crowdfund",
          "order"
        ],
        "object_id": "56",
        "object_repr": "Segun's friend 1",
        "action_flag": 2,
        "change_message": "[{\"changed\": {\"fields\": [\"Name\"]}}]"
      }
    },
    {
      "model": "admin.logentry",
      "pk": 114,
      "fields": {
        "action_time": "2020-11-19T07:41:12.983Z",
        "user": [
          "seyi"
        ],
        "content_type": [
          "crowdfund",
          "order"
        ],
        "object_id": "55",
        "object_repr": "Seyi Bello",
        "action_flag": 3,
        "change_message": ""
      }
    },
    {
      "model": "admin.logentry",
      "pk": 115,
      "fields": {
        "action_time": "2020-11-19T07:41:13.099Z",
        "user": [
          "seyi"
        ],
        "content_type": [
          "crowdfund",
          "order"
        ],
        "object_id": "54",
        "object_repr": "Opeyemi",
        "action_flag": 3,
        "change_message": ""
      }
    },
    {
      "model": "admin.logentry",
      "pk": 116,
      "fields": {
        "action_time": "2020-11-19T07:41:13.221Z",
        "user": [
          "seyi"
        ],
        "content_type": [
          "crowdfund",
          "order"
        ],
        "object_id": "53",
        "object_repr": "Opeyemi",
        "action_flag": 3,
        "change_message": ""
      }
    },
    {
      "model": "admin.logentry",
      "pk": 117,
      "fields": {
        "action_time": "2020-11-19T07:43:05.953Z",
        "user": [
          "seyi"
        ],
        "content_type": [
          "crowdfund",
          "reward"
        ],
        "object_id": "10",
        "object_repr": "The Boosters",
        "action_flag": 2,
        "change_message": "[{\"changed\": {\"fields\": [\"Amount\"]}}]"
      }
    },
    {
      "model": "admin.logentry",
      "pk": 118,
      "fields": {
        "action_time": "2020-11-19T10:45:38.558Z",
        "user": [
          "seyi"
        ],
        "content_type": [
          "crowdfund",
          "order"
        ],
        "object_id": "57",
        "object_repr": "Seyi",
        "action_flag": 3,
        "change_message": ""
      }
    },
    {
      "model": "admin.logentry",
      "pk": 119,
      "fields": {
        "action_time": "2020-11-19T10:45:38.633Z",
        "user": [
          "seyi"
        ],
        "content_type": [
          "crowdfund",
          "order"
        ],
        "object_id": "40",
        "object_repr": "Anuoluwapo Mahmood",
        "action_flag": 3,
        "change_message": ""
      }
    },
    {
      "model": "admin.logentry",
      "pk": 120,
      "fields": {
        "action_time": "2020-11-19T20:36:14.434Z",
        "user": [
          "seyi"
        ],
        "content_type": [
          "crowdfund",
          "order"
        ],
        "object_id": "62",
        "object_repr": "SEGUN ADEYEMI",
        "action_flag": 2,
        "change_message": "[{\"changed\": {\"fields\": [\"Paid\"]}}]"
      }
    },
    {
      "model": "admin.logentry",
      "pk": 121,
      "fields": {
        "action_time": "2020-11-19T20:47:06.515Z",
        "user": [
          "seyi"
        ],
        "content_type": [
          "crowdfund",
          "order"
        ],
        "object_id": "63",
        "object_repr": "Segun's friend 2",
        "action_flag": 2,
        "change_message": "[{\"changed\": {\"fields\": [\"Name\", \"Reward\", \"Paid\"]}}]"
      }
    },
    {
      "model": "admin.logentry",
      "pk": 122,
      "fields": {
        "action_time": "2020-11-19T20:57:21.939Z",
        "user": [
          "seyi"
        ],
        "content_type": [
          "crowdfund",
          "order"
        ],
        "object_id": "63",
        "object_repr": "Segun's friend 2",
        "action_flag": 3,
        "change_message": ""
      }
    },
    {
      "model": "admin.logentry",
      "pk": 123,
      "fields": {
        "action_time": "2020-11-21T08:42:53.182Z",
        "user": [
          "seyi"
        ],
        "content_type": [
          "crowdfund",
          "order"
        ],
        "object_id": "65",
        "object_repr": "Seyi Pythonian",
        "action_flag": 3,
        "change_message": ""
      }
    },
    {
      "model": "admin.logentry",
      "pk": 124,
      "fields": {
        "action_time": "2020-11-21T08:42:53.284Z",
        "user": [
          "seyi"
        ],
        "content_type": [
          "crowdfund",
          "order"
        ],
        "object_id": "64",
        "object_repr": "Seyi Pythonian",
        "action_flag": 3,
        "change_message": ""
      }
    },
    {
      "model": "admin.logentry",
      "pk": 125,
      "fields": {
        "action_time": "2020-11-21T08:43:14.202Z",
        "user": [
          "seyi"
        ],
        "content_type": [
          "crowdfund",
          "order"
        ],
        "object_id": "60",
        "object_repr": "Seyi",
        "action_flag": 3,
        "change_message": ""
      }
    },
    {
      "model": "admin.logentry",
      "pk": 126,
      "fields": {
        "action_time": "2020-11-21T10:21:20.152Z",
        "user": [
          "seyi"
        ],
        "content_type": [
          "crowdfund",
          "order"
        ],
        "object_id": "66",
        "object_repr": "Israel Ayodele Mayokun",
        "action_flag": 2,
        "change_message": "[{\"changed\": {\"fields\": [\"Name\", \"Address\", \"Reward\", \"Paid\"]}}]"
      }
    },
    {
      "model": "admin.logentry",
      "pk": 127,
      "fields": {
        "action_time": "2020-11-22T17:04:35.346Z",
        "user": [
          "seyi"
        ],
        "content_type": [
          "crowdfund",
          "order"
        ],
        "object_id": "61",
        "object_repr": "Mesuo Efeurhievwe",
        "action_flag": 2,
        "change_message": "[{\"changed\": {\"fields\": [\"Paid\"]}}]"
      }
    },
    {
      "model": "admin.logentry",
      "pk": 128,
      "fields": {
        "action_time": "2020-11-22T17:04:56.190Z",
        "user": [
          "seyi"
        ],
        "content_type": [
          "crowdfund",
          "order"
        ],
        "object_id": "59",
        "object_repr": "Mesuo Efeurhievwe",
        "action_flag": 3,
        "change_message": ""
      }
    },
    {
      "model": "admin.logentry",
      "pk": 129,
      "fields": {
        "action_time": "2020-11-22T17:04:56.287Z",
        "user": [
          "seyi"
        ],
        "content_type": [
          "crowdfund",
          "order"
        ],
        "object_id": "58",
        "object_repr": "Mesuo Efeurhievwe",
        "action_flag": 3,
        "change_message": ""
      }
    },
    {
      "model": "admin.logentry",
      "pk": 130,
      "fields": {
        "action_time": "2020-11-23T15:30:05.236Z",
        "user": [
          "seyi"
        ],
        "content_type": [
          "crowdfund",
          "order"
        ],
        "object_id": "69",
        "object_repr": "NDIDIAMAKA DURU",
        "action_flag": 2,
        "change_message": "[{\"changed\": {\"fields\": [\"Paid\"]}}]"
      }
    },
    {
      "model": "admin.logentry",
      "pk": 131,
      "fields": {
        "action_time": "2020-11-23T15:34:48.401Z",
        "user": [
          "seyi"
        ],
        "content_type": [
          "crowdfund",
          "order"
        ],
        "object_id": "67",
        "object_repr": "Habeeb Oluwaseyi Bello",
        "action_flag": 3,
        "change_message": ""
      }
    },
    {
      "model": "admin.logentry",
      "pk": 132,
      "fields": {
        "action_time": "2020-11-24T02:55:34.338Z",
        "user": [
          "seyi"
        ],
        "content_type": [
          "crowdfund",
          "order"
        ],
        "object_id": "68",
        "object_repr": "NDIDIAMAKA DURU",
        "action_flag": 3,
        "change_message": ""
      }
    },
    {
      "model": "admin.logentry",
      "pk": 133,
      "fields": {
        "action_time": "2020-11-24T18:51:33.456Z",
        "user": [
          "seyi"
        ],
        "content_type": [
          "crowdfund",
          "order"
        ],
        "object_id": "70",
        "object_repr": "Segun 2",
        "action_flag": 1,
        "change_message": "[{\"added\": {}}]"
      }
    },
    {
      "model": "admin.logentry",
      "pk": 134,
      "fields": {
        "action_time": "2020-11-25T16:40:01.645Z",
        "user": [
          "seyi"
        ],
        "content_type": [
          "crowdfund",
          "order"
        ],
        "object_id": "72",
        "object_repr": "Soye Olatunji",
        "action_flag": 2,
        "change_message": "[{\"changed\": {\"fields\": [\"Paid\"]}}]"
      }
    },
    {
      "model": "admin.logentry",
      "pk": 135,
      "fields": {
        "action_time": "2020-11-25T16:40:29.796Z",
        "user": [
          "seyi"
        ],
        "content_type": [
          "crowdfund",
          "order"
        ],
        "object_id": "71",
        "object_repr": "Seyi Pythonian",
        "action_flag": 3,
        "change_message": ""
      }
    },
    {
      "model": "admin.logentry",
      "pk": 136,
      "fields": {
        "action_time": "2020-11-26T10:41:51.304Z",
        "user": [
          "seyi"
        ],
        "content_type": [
          "crowdfund",
          "order"
        ],
        "object_id": "74",
        "object_repr": "Seyi Pythonian",
        "action_flag": 3,
        "change_message": ""
      }
    },
    {
      "model": "admin.logentry",
      "pk": 137,
      "fields": {
        "action_time": "2020-11-26T12:01:06.618Z",
        "user": [
          "seyi"
        ],
        "content_type": [
          "crowdfund",
          "order"
        ],
        "object_id": "73",
        "object_repr": "Soye Olatunji",
        "action_flag": 3,
        "change_message": ""
      }
    },
    {
      "model": "admin.logentry",
      "pk": 138,
      "fields": {
        "action_time": "2020-11-27T09:08:54.455Z",
        "user": [
          "seyi"
        ],
        "content_type": [
          "crowdfund",
          "order"
        ],
        "object_id": "75",
        "object_repr": "Segun 3",
        "action_flag": 1,
        "change_message": "[{\"added\": {}}]"
      }
    },
    {
      "model": "admin.logentry",
      "pk": 139,
      "fields": {
        "action_time": "2020-12-01T09:03:51.800Z",
        "user": [
          "seyi"
        ],
        "content_type": [
          "crowdfund",
          "order"
        ],
        "object_id": "76",
        "object_repr": "British guy",
        "action_flag": 1,
        "change_message": "[{\"added\": {}}]"
      }
    },
    {
      "model": "admin.logentry",
      "pk": 140,
      "fields": {
        "action_time": "2020-12-01T09:04:35.405Z",
        "user": [
          "seyi"
        ],
        "content_type": [
          "crowdfund",
          "order"
        ],
        "object_id": "77",
        "object_repr": "Dr Eluwole",
        "action_flag": 1,
        "change_message": "[{\"added\": {}}]"
      }
    },
    {
      "model": "admin.logentry",
      "pk": 141,
      "fields": {
        "action_time": "2020-12-05T07:42:37.267Z",
        "user": [
          "seyi"
        ],
        "content_type": [
          "crowdfund",
          "order"
        ],
        "object_id": "79",
        "object_repr": "Olumayokun Sanni",
        "action_flag": 3,
        "change_message": ""
      }
    },
    {
      "model": "admin.logentry",
      "pk": 142,
      "fields": {
        "action_time": "2020-12-05T08:19:59.622Z",
        "user": [
          "seyi"
        ],
        "content_type": [
          "crowdfund",
          "order"
        ],
        "object_id": "78",
        "object_repr": "Yewande Savage",
        "action_flag": 2,
        "change_message": "[{\"changed\": {\"fields\": [\"Paid\"]}}]"
      }
    },
    {
      "model": "admin.logentry",
      "pk": 143,
      "fields": {
        "action_time": "2020-12-05T11:05:28.677Z",
        "user": [
          "seyi"
        ],
        "content_type": [
          "crowdfund",
          "order"
        ],
        "object_id": "82",
        "object_repr": "Seyi Pythonian",
        "action_flag": 3,
        "change_message": ""
      }
    },
    {
      "model": "admin.logentry",
      "pk": 144,
      "fields": {
        "action_time": "2020-12-05T16:51:39.973Z",
        "user": [
          "seyi"
        ],
        "content_type": [
          "crowdfund",
          "order"
        ],
        "object_id": "83",
        "object_repr": "Henry Mascot",
        "action_flag": 2,
        "change_message": "[{\"changed\": {\"fields\": [\"Paid\"]}}]"
      }
    },
    {
      "model": "admin.logentry",
      "pk": 145,
      "fields": {
        "action_time": "2020-12-09T06:44:47.667Z",
        "user": [
          "seyi"
        ],
        "content_type": [
          "crowdfund",
          "order"
        ],
        "object_id": "86",
        "object_repr": "Lekan adeyemi",
        "action_flag": 2,
        "change_message": "[{\"changed\": {\"fields\": [\"Paid\"]}}]"
      }
    },
    {
      "model": "admin.logentry",
      "pk": 146,
      "fields": {
        "action_time": "2020-12-09T06:47:09.867Z",
        "user": [
          "seyi"
        ],
        "content_type": [
          "crowdfund",
          "order"
        ],
        "object_id": "86",
        "object_repr": "Lekan adeyemi",
        "action_flag": 2,
        "change_message": "[{\"changed\": {\"fields\": [\"Paid\"]}}]"
      }
    },
    {
      "model": "admin.logentry",
      "pk": 147,
      "fields": {
        "action_time": "2020-12-09T07:00:10.356Z",
        "user": [
          "seyi"
        ],
        "content_type": [
          "crowdfund",
          "order"
        ],
        "object_id": "85",
        "object_repr": "Funmi Ajayi",
        "action_flag": 2,
        "change_message": "[{\"changed\": {\"fields\": [\"Name\", \"Address\", \"Paid\"]}}]"
      }
    },
    {
      "model": "admin.logentry",
      "pk": 148,
      "fields": {
        "action_time": "2020-12-09T07:02:06.064Z",
        "user": [
          "seyi"
        ],
        "content_type": [
          "crowdfund",
          "order"
        ],
        "object_id": "86",
        "object_repr": "Gbenga Olowolajuogbon",
        "action_flag": 2,
        "change_message": "[{\"changed\": {\"fields\": [\"Name\", \"Address\", \"Reward\", \"Paid\"]}}]"
      }
    },
    {
      "model": "admin.logentry",
      "pk": 149,
      "fields": {
        "action_time": "2020-12-11T08:25:36.699Z",
        "user": [
          "seyi"
        ],
        "content_type": [
          "crowdfund",
          "order"
        ],
        "object_id": "89",
        "object_repr": "Olanrewaju Olorunsola",
        "action_flag": 2,
        "change_message": "[{\"changed\": {\"fields\": [\"Paid\"]}}]"
      }
    },
    {
      "model": "admin.logentry",
      "pk": 150,
      "fields": {
        "action_time": "2020-12-11T08:27:54.610Z",
        "user": [
          "seyi"
        ],
        "content_type": [
          "crowdfund",
          "order"
        ],
        "object_id": "88",
        "object_repr": "Lekan Adeyemi",
        "action_flag": 2,
        "change_message": "[{\"changed\": {\"fields\": [\"Paid\"]}}]"
      }
    },
    {
      "model": "admin.logentry",
      "pk": 151,
      "fields": {
        "action_time": "2020-12-11T08:28:12.598Z",
        "user": [
          "seyi"
        ],
        "content_type": [
          "crowdfund",
          "order"
        ],
        "object_id": "87",
        "object_repr": "Lekan Adeyemi",
        "action_flag": 3,
        "change_message": ""
      }
    },
    {
      "model": "admin.logentry",
      "pk": 152,
      "fields": {
        "action_time": "2020-12-11T08:28:12.670Z",
        "user": [
          "seyi"
        ],
        "content_type": [
          "crowdfund",
          "order"
        ],
        "object_id": "84",
        "object_repr": "Lekan Adeyemi",
        "action_flag": 3,
        "change_message": ""
      }
    },
    {
      "model": "admin.logentry",
      "pk": 153,
      "fields": {
        "action_time": "2020-12-11T10:06:32.717Z",
        "user": [
          "seyi"
        ],
        "content_type": [
          "crowdfund",
          "order"
        ],
        "object_id": "31",
        "object_repr": "Mrs Sowemimo",
        "action_flag": 2,
        "change_message": "[{\"changed\": {\"fields\": [\"Name\"]}}]"
      }
    },
    {
      "model": "admin.logentry",
      "pk": 154,
      "fields": {
        "action_time": "2020-12-11T10:06:58.464Z",
        "user": [
          "seyi"
        ],
        "content_type": [
          "crowdfund",
          "order"
        ],
        "object_id": "36",
        "object_repr": "Sister Andress",
        "action_flag": 2,
        "change_message": "[{\"changed\": {\"fields\": [\"Name\"]}}]"
      }
    },
    {
      "model": "admin.logentry",
      "pk": 155,
      "fields": {
        "action_time": "2020-12-14T12:47:27.927Z",
        "user": [
          "seyi"
        ],
        "content_type": [
          "crowdfund",
          "reward"
        ],
        "object_id": "10",
        "object_repr": "The Boosters",
        "action_flag": 2,
        "change_message": "[{\"changed\": {\"fields\": [\"Slug\"]}}]"
      }
    },
    {
      "model": "admin.logentry",
      "pk": 156,
      "fields": {
        "action_time": "2020-12-14T12:47:51.391Z",
        "user": [
          "seyi"
        ],
        "content_type": [
          "crowdfund",
          "reward"
        ],
        "object_id": "9",
        "object_repr": "Hall of Famers (Exclusive)",
        "action_flag": 2,
        "change_message": "[{\"changed\": {\"fields\": [\"Slug\"]}}]"
      }
    },
    {
      "model": "admin.logentry",
      "pk": 157,
      "fields": {
        "action_time": "2020-12-14T12:48:00.290Z",
        "user": [
          "seyi"
        ],
        "content_type": [
          "crowdfund",
          "reward"
        ],
        "object_id": "8",
        "object_repr": "Legends",
        "action_flag": 2,
        "change_message": "[{\"changed\": {\"fields\": [\"Slug\"]}}]"
      }
    },
    {
      "model": "admin.logentry",
      "pk": 158,
      "fields": {
        "action_time": "2020-12-14T12:48:08.523Z",
        "user": [
          "seyi"
        ],
        "content_type": [
          "crowdfund",
          "reward"
        ],
        "object_id": "7",
        "object_repr": "Angels",
        "action_flag": 2,
        "change_message": "[{\"changed\": {\"fields\": [\"Slug\"]}}]"
      }
    },
    {
      "model": "admin.logentry",
      "pk": 159,
      "fields": {
        "action_time": "2020-12-14T12:48:17.538Z",
        "user": [
          "seyi"
        ],
        "content_type": [
          "crowdfund",
          "reward"
        ],
        "object_id": "6",
        "object_repr": "Superheroes",
        "action_flag": 2,
        "change_message": "[{\"changed\": {\"fields\": [\"Slug\"]}}]"
      }
    },
    {
      "model": "admin.logentry",
      "pk": 160,
      "fields": {
        "action_time": "2020-12-14T12:48:27.459Z",
        "user": [
          "seyi"
        ],
        "content_type": [
          "crowdfund",
          "reward"
        ],
        "object_id": "5",
        "object_repr": "Propellers",
        "action_flag": 2,
        "change_message": "[{\"changed\": {\"fields\": [\"Slug\"]}}]"
      }
    },
    {
      "model": "admin.logentry",
      "pk": 161,
      "fields": {
        "action_time": "2020-12-14T12:48:35.722Z",
        "user": [
          "seyi"
        ],
        "content_type": [
          "crowdfund",
          "reward"
        ],
        "object_id": "4",
        "object_repr": "Gems",
        "action_flag": 2,
        "change_message": "[{\"changed\": {\"fields\": [\"Slug\"]}}]"
      }
    },
    {
      "model": "admin.logentry",
      "pk": 162,
      "fields": {
        "action_time": "2020-12-14T12:48:45.407Z",
        "user": [
          "seyi"
        ],
        "content_type": [
          "crowdfund",
          "reward"
        ],
        "object_id": "3",
        "object_repr": "Pilots",
        "action_flag": 2,
        "change_message": "[{\"changed\": {\"fields\": [\"Slug\"]}}]"
      }
    },
    {
      "model": "admin.logentry",
      "pk": 163,
      "fields": {
        "action_time": "2020-12-14T12:48:53.559Z",
        "user": [
          "seyi"
        ],
        "content_type": [
          "crowdfund",
          "reward"
        ],
        "object_id": "2",
        "object_repr": "Influencers",
        "action_flag": 2,
        "change_message": "[{\"changed\": {\"fields\": [\"Slug\"]}}]"
      }
    },
    {
      "model": "admin.logentry",
      "pk": 164,
      "fields": {
        "action_time": "2020-12-14T12:49:04.550Z",
        "user": [
          "seyi"
        ],
        "content_type": [
          "crowdfund",
          "reward"
        ],
        "object_id": "1",
        "object_repr": "Top Fans",
        "action_flag": 2,
        "change_message": "[{\"changed\": {\"fields\": [\"Slug\"]}}]"
      }
    },
    {
      "model": "admin.logentry",
      "pk": 165,
      "fields": {
        "action_time": "2020-12-14T15:08:02.044Z",
        "user": [
          "seyi"
        ],
        "content_type": [
          "crowdfund",
          "order"
        ],
        "object_id": "92",
        "object_repr": "Order 92",
        "action_flag": 1,
        "change_message": "[{\"added\": {}}]"
      }
    },
    {
      "model": "admin.logentry",
      "pk": 166,
      "fields": {
        "action_time": "2020-12-16T16:58:42.886Z",
        "user": [
          "seyi"
        ],
        "content_type": [
          "crowdfund",
          "order"
        ],
        "object_id": "93",
        "object_repr": "Order 93",
        "action_flag": 2,
        "change_message": "[{\"changed\": {\"fields\": [\"Name\", \"Reward\", \"Paid\"]}}]"
      }
    },
    {
      "model": "admin.logentry",
      "pk": 167,
      "fields": {
        "action_time": "2020-12-19T11:19:04.633Z",
        "user": [
          "seyi"
        ],
        "content_type": [
          "crowdfund",
          "order"
        ],
        "object_id": "94",
        "object_repr": "Order 94",
        "action_flag": 1,
        "change_message": "[{\"added\": {}}]"
      }
    },
    {
      "model": "admin.logentry",
      "pk": 168,
      "fields": {
        "action_time": "2020-12-19T11:19:36.405Z",
        "user": [
          "seyi"
        ],
        "content_type": [
          "crowdfund",
          "order"
        ],
        "object_id": "95",
        "object_repr": "Order 95",
        "action_flag": 1,
        "change_message": "[{\"added\": {}}]"
      }
    },
    {
      "model": "admin.logentry",
      "pk": 169,
      "fields": {
        "action_time": "2020-12-20T21:33:59.414Z",
        "user": [
          "seyi"
        ],
        "content_type": [
          "crowdfund",
          "order"
        ],
        "object_id": "97",
        "object_repr": "Order 97",
        "action_flag": 3,
        "change_message": ""
      }
    },
    {
      "model": "admin.logentry",
      "pk": 170,
      "fields": {
        "action_time": "2020-12-22T15:46:04.941Z",
        "user": [
          "seyi"
        ],
        "content_type": [
          "crowdfund",
          "order"
        ],
        "object_id": "98",
        "object_repr": "Order 98",
        "action_flag": 3,
        "change_message": ""
      }
    }
    ]
    